2026-08-08 11:52:17,911 [INFO] [31m[1mWARNING: This is a development server. Do not use it in a production deployment. Use a production WSGI server instead.[0m
 * Running on all addresses (0.0.0.0)
 * Running on http://127.0.0.1:5000
 * Running on http://10.242.62.42:5000
2026-08-08 11:52:17,911 [INFO] [33mPress CTRL+C to quit[0m
2026-08-08 11:52:31,525 [INFO] 127.0.0.1 - - [08/Aug/2026 11:52:31] "GET / HTTP/1.1" 200 -
2026-08-08 11:52:31,594 [ERROR] Exception on /static/profile.jpg [GET]
Traceback (most recent call last):
  File "C:\Users\Manoj M\Downloads\secure_portfolio\.venv\Lib\site-packages\flask\app.py", line 880, in full_dispatch_request
    rv = self.dispatch_request()
  File "C:\Users\Manoj M\Downloads\secure_portfolio\.venv\Lib\site-packages\flask\app.py", line 865, in dispatch_request
    return self.ensure_sync(self.view_functions[rule.endpoint])(**view_args)  # type: ignore[no-any-return]
           ~~~~~~~~~~~~~~~~~~~~~~~~~~~~~~~~~~~~~~~~~~~~~~~~~~~~^^^^^^^^^^^^^
  File "C:\Users\Manoj M\Downloads\secure_portfolio\.venv\Lib\site-packages\flask\app.py", line 270, in <lambda>
    view_func=lambda **kw: self_ref().send_static_file(**kw),  # type: ignore # noqa: B950
                           ~~~~~~~~~~~~~~~~~~~~~~~~~~~^^^^^^
  File "C:\Users\Manoj M\Downloads\secure_portfolio\.venv\Lib\site-packages\flask\app.py", line 318, in send_static_file
    return send_from_directory(
        t.cast(str, self.static_folder), filename, max_age=max_age
    )
  File "C:\Users\Manoj M\Downloads\secure_portfolio\.venv\Lib\site-packages\flask\helpers.py", line 552, in send_from_directory
    return werkzeug.utils.send_from_directory(  # type: ignore[return-value]
           ~~~~~~~~~~~~~~~~~~~~~~~~~~~~~~~~~~^^^^^^^^^^^^^^^^^^^^^^^^^^^^^^^
        directory, path, **_prepare_send_file_kwargs(**kwargs)
        ^^^^^^^^^^^^^^^^^^^^^^^^^^^^^^^^^^^^^^^^^^^^^^^^^^^^^^
    )
    ^
  File "C:\Users\Manoj M\Downloads\secure_portfolio\.venv\Lib\site-packages\werkzeug\utils.py", line 575, in send_from_directory
    raise NotFound()
werkzeug.exceptions.NotFound: 404 Not Found: The requested URL was not found on the server. If you entered the URL manually please check your spelling and try again.

During handling of the above exception, another exception occurred:

Traceback (most recent call last):
  File "C:\Users\Manoj M\Downloads\secure_portfolio\.venv\Lib\site-packages\flask\app.py", line 1473, in wsgi_app
    response = self.full_dispatch_request()
  File "C:\Users\Manoj M\Downloads\secure_portfolio\.venv\Lib\site-packages\flask\app.py", line 882, in full_dispatch_request
    rv = self.handle_user_exception(e)
  File "C:\Users\Manoj M\Downloads\secure_portfolio\.venv\Lib\site-packages\flask\app.py", line 765, in handle_user_exception
    return self.handle_http_exception(e)
           ~~~~~~~~~~~~~~~~~~~~~~~~~~^^^
  File "C:\Users\Manoj M\Downloads\secure_portfolio\.venv\Lib\site-packages\flask\app.py", line 740, in handle_http_exception
    return self.ensure_sync(handler)(e)  # type: ignore[no-any-return]
           ~~~~~~~~~~~~~~~~~~~~~~~~~^^^
  File "C:\Users\Manoj M\Downloads\secure_portfolio\app.py", line 602, in not_found
    return render_template_string("""
           ^^^^^^^^^^^^^^^^^^^^^^
NameError: name 'render_template_string' is not defined
2026-08-08 11:52:31,601 [ERROR] 500 error at /static/profile.jpg: 500 Internal Server Error: The server encountered an internal error and was unable to complete your request. Either the server is overloaded or there is an error in the application.
2026-08-08 11:52:31,601 [INFO] 127.0.0.1 - - [08/Aug/2026 11:52:31] "[35m[1mGET /static/profile.jpg HTTP/1.1[0m" 500 -
2026-08-08 11:52:31,654 [ERROR] Error on request:
Traceback (most recent call last):
  File "C:\Users\Manoj M\Downloads\secure_portfolio\.venv\Lib\site-packages\flask\app.py", line 880, in full_dispatch_request
    rv = self.dispatch_request()
  File "C:\Users\Manoj M\Downloads\secure_portfolio\.venv\Lib\site-packages\flask\app.py", line 865, in dispatch_request
    return self.ensure_sync(self.view_functions[rule.endpoint])(**view_args)  # type: ignore[no-any-return]
           ~~~~~~~~~~~~~~~~~~~~~~~~~~~~~~~~~~~~~~~~~~~~~~~~~~~~^^^^^^^^^^^^^
  File "C:\Users\Manoj M\Downloads\secure_portfolio\.venv\Lib\site-packages\flask\app.py", line 270, in <lambda>
    view_func=lambda **kw: self_ref().send_static_file(**kw),  # type: ignore # noqa: B950
                           ~~~~~~~~~~~~~~~~~~~~~~~~~~~^^^^^^
  File "C:\Users\Manoj M\Downloads\secure_portfolio\.venv\Lib\site-packages\flask\app.py", line 318, in send_static_file
    return send_from_directory(
    
  File "C:\Users\Manoj M\Downloads\secure_portfolio\.venv\Lib\site-packages\flask\helpers.py", line 552, in send_from_directory
    return werkzeug.utils.send_from_directory(  # type: ignore[return-value]
    
  File "C:\Users\Manoj M\Downloads\secure_portfolio\.venv\Lib\site-packages\werkzeug\utils.py", line 575, in send_from_directory
    raise NotFound()
werkzeug.exceptions.NotFound: 404 Not Found: The requested URL was not found on the server. If you entered the URL manually please check your spelling and try again.

During handling of the above exception, another exception occurred:

Traceback (most recent call last):
  File "C:\Users\Manoj M\Downloads\secure_portfolio\.venv\Lib\site-packages\flask\app.py", line 1473, in wsgi_app
    response = self.full_dispatch_request()
  File "C:\Users\Manoj M\Downloads\secure_portfolio\.venv\Lib\site-packages\flask\app.py", line 882, in full_dispatch_request
    rv = self.handle_user_exception(e)
  File "C:\Users\Manoj M\Downloads\secure_portfolio\.venv\Lib\site-packages\flask\app.py", line 765, in handle_user_exception
    return self.handle_http_exception(e)
           ~~~~~~~~~~~~~~~~~~~~~~~~~~^^^
  File "C:\Users\Manoj M\Downloads\secure_portfolio\.venv\Lib\site-packages\flask\app.py", line 740, in handle_http_exception
    return self.ensure_sync(handler)(e)  # type: ignore[no-any-return]
           ~~~~~~~~~~~~~~~~~~~~~~~~~^^^
  File "C:\Users\Manoj M\Downloads\secure_portfolio\app.py", line 602, in not_found
    return render_template_string("""
           ^^^^^^^^^^^^^^^^^^^^^^
NameError: name 'render_template_string' is not defined

During handling of the above exception, another exception occurred:

Traceback (most recent call last):
  File "C:\Users\Manoj M\Downloads\secure_portfolio\.venv\Lib\site-packages\werkzeug\serving.py", line 363, in run_wsgi
    execute(self.server.app)
    ~~~~~~~^^^^^^^^^^^^^^^^^
  File "C:\Users\Manoj M\Downloads\secure_portfolio\.venv\Lib\site-packages\werkzeug\serving.py", line 324, in execute
    application_iter = app(environ, start_response)
  File "C:\Users\Manoj M\Downloads\secure_portfolio\.venv\Lib\site-packages\flask\app.py", line 1498, in __call__
    return self.wsgi_app(environ, start_response)
           ~~~~~~~~~~~~~^^^^^^^^^^^^^^^^^^^^^^^^^
  File "C:\Users\Manoj M\Downloads\secure_portfolio\.venv\Lib\site-packages\flask\app.py", line 1476, in wsgi_app
    response = self.handle_exception(e)
  File "C:\Users\Manoj M\Downloads\secure_portfolio\.venv\Lib\site-packages\flask\app.py", line 823, in handle_exception
    server_error = self.ensure_sync(handler)(server_error)
  File "C:\Users\Manoj M\Downloads\secure_portfolio\app.py", line 611, in internal_error
    return render_template_string("""
           ^^^^^^^^^^^^^^^^^^^^^^
NameError: name 'render_template_string' is not defined
2026-08-08 11:52:31,669 [INFO] 127.0.0.1 - - [08/Aug/2026 11:52:31] "GET /static/css/style.css HTTP/1.1" 200 -
2026-08-08 11:52:31,672 [INFO] 127.0.0.1 - - [08/Aug/2026 11:52:31] "GET /static/js/main.js HTTP/1.1" 200 -
2026-08-08 11:52:42,548 [INFO] 127.0.0.1 - - [08/Aug/2026 11:52:42] "GET /contact HTTP/1.1" 200 -
2026-08-08 11:52:42,568 [ERROR] Exception on /static/profile.jpg [GET]
Traceback (most recent call last):
  File "C:\Users\Manoj M\Downloads\secure_portfolio\.venv\Lib\site-packages\flask\app.py", line 880, in full_dispatch_request
    rv = self.dispatch_request()
  File "C:\Users\Manoj M\Downloads\secure_portfolio\.venv\Lib\site-packages\flask\app.py", line 865, in dispatch_request
    return self.ensure_sync(self.view_functions[rule.endpoint])(**view_args)  # type: ignore[no-any-return]
           ~~~~~~~~~~~~~~~~~~~~~~~~~~~~~~~~~~~~~~~~~~~~~~~~~~~~^^^^^^^^^^^^^
  File "C:\Users\Manoj M\Downloads\secure_portfolio\.venv\Lib\site-packages\flask\app.py", line 270, in <lambda>
    view_func=lambda **kw: self_ref().send_static_file(**kw),  # type: ignore # noqa: B950
                           ~~~~~~~~~~~~~~~~~~~~~~~~~~~^^^^^^
  File "C:\Users\Manoj M\Downloads\secure_portfolio\.venv\Lib\site-packages\flask\app.py", line 318, in send_static_file
    return send_from_directory(
        t.cast(str, self.static_folder), filename, max_age=max_age
    )
  File "C:\Users\Manoj M\Downloads\secure_portfolio\.venv\Lib\site-packages\flask\helpers.py", line 552, in send_from_directory
    return werkzeug.utils.send_from_directory(  # type: ignore[return-value]
           ~~~~~~~~~~~~~~~~~~~~~~~~~~~~~~~~~~^^^^^^^^^^^^^^^^^^^^^^^^^^^^^^^
        directory, path, **_prepare_send_file_kwargs(**kwargs)
        ^^^^^^^^^^^^^^^^^^^^^^^^^^^^^^^^^^^^^^^^^^^^^^^^^^^^^^
    )
    ^
  File "C:\Users\Manoj M\Downloads\secure_portfolio\.venv\Lib\site-packages\werkzeug\utils.py", line 575, in send_from_directory
    raise NotFound()
werkzeug.exceptions.NotFound: 404 Not Found: The requested URL was not found on the server. If you entered the URL manually please check your spelling and try again.

During handling of the above exception, another exception occurred:

Traceback (most recent call last):
  File "C:\Users\Manoj M\Downloads\secure_portfolio\.venv\Lib\site-packages\flask\app.py", line 1473, in wsgi_app
    response = self.full_dispatch_request()
  File "C:\Users\Manoj M\Downloads\secure_portfolio\.venv\Lib\site-packages\flask\app.py", line 882, in full_dispatch_request
    rv = self.handle_user_exception(e)
  File "C:\Users\Manoj M\Downloads\secure_portfolio\.venv\Lib\site-packages\flask\app.py", line 765, in handle_user_exception
    return self.handle_http_exception(e)
           ~~~~~~~~~~~~~~~~~~~~~~~~~~^^^
  File "C:\Users\Manoj M\Downloads\secure_portfolio\.venv\Lib\site-packages\flask\app.py", line 740, in handle_http_exception
    return self.ensure_sync(handler)(e)  # type: ignore[no-any-return]
           ~~~~~~~~~~~~~~~~~~~~~~~~~^^^
  File "C:\Users\Manoj M\Downloads\secure_portfolio\app.py", line 602, in not_found
    return render_template_string("""
           ^^^^^^^^^^^^^^^^^^^^^^
NameError: name 'render_template_string' is not defined
2026-08-08 11:52:42,569 [INFO] 127.0.0.1 - - [08/Aug/2026 11:52:42] "[36mGET /static/css/style.css HTTP/1.1[0m" 304 -
2026-08-08 11:52:42,569 [INFO] 127.0.0.1 - - [08/Aug/2026 11:52:42] "[36mGET /static/js/main.js HTTP/1.1[0m" 304 -
2026-08-08 11:52:42,571 [ERROR] 500 error at /static/profile.jpg: 500 Internal Server Error: The server encountered an internal error and was unable to complete your request. Either the server is overloaded or there is an error in the application.
2026-08-08 11:52:42,571 [INFO] 127.0.0.1 - - [08/Aug/2026 11:52:42] "[35m[1mGET /static/profile.jpg HTTP/1.1[0m" 500 -
2026-08-08 11:52:42,580 [ERROR] Error on request:
Traceback (most recent call last):
  File "C:\Users\Manoj M\Downloads\secure_portfolio\.venv\Lib\site-packages\flask\app.py", line 880, in full_dispatch_request
    rv = self.dispatch_request()
  File "C:\Users\Manoj M\Downloads\secure_portfolio\.venv\Lib\site-packages\flask\app.py", line 865, in dispatch_request
    return self.ensure_sync(self.view_functions[rule.endpoint])(**view_args)  # type: ignore[no-any-return]
           ~~~~~~~~~~~~~~~~~~~~~~~~~~~~~~~~~~~~~~~~~~~~~~~~~~~~^^^^^^^^^^^^^
  File "C:\Users\Manoj M\Downloads\secure_portfolio\.venv\Lib\site-packages\flask\app.py", line 270, in <lambda>
    view_func=lambda **kw: self_ref().send_static_file(**kw),  # type: ignore # noqa: B950
                           ~~~~~~~~~~~~~~~~~~~~~~~~~~~^^^^^^
  File "C:\Users\Manoj M\Downloads\secure_portfolio\.venv\Lib\site-packages\flask\app.py", line 318, in send_static_file
    return send_from_directory(
    
  File "C:\Users\Manoj M\Downloads\secure_portfolio\.venv\Lib\site-packages\flask\helpers.py", line 552, in send_from_directory
    return werkzeug.utils.send_from_directory(  # type: ignore[return-value]
    
  File "C:\Users\Manoj M\Downloads\secure_portfolio\.venv\Lib\site-packages\werkzeug\utils.py", line 575, in send_from_directory
    raise NotFound()
werkzeug.exceptions.NotFound: 404 Not Found: The requested URL was not found on the server. If you entered the URL manually please check your spelling and try again.

During handling of the above exception, another exception occurred:

Traceback (most recent call last):
  File "C:\Users\Manoj M\Downloads\secure_portfolio\.venv\Lib\site-packages\flask\app.py", line 1473, in wsgi_app
    response = self.full_dispatch_request()
  File "C:\Users\Manoj M\Downloads\secure_portfolio\.venv\Lib\site-packages\flask\app.py", line 882, in full_dispatch_request
    rv = self.handle_user_exception(e)
  File "C:\Users\Manoj M\Downloads\secure_portfolio\.venv\Lib\site-packages\flask\app.py", line 765, in handle_user_exception
    return self.handle_http_exception(e)
           ~~~~~~~~~~~~~~~~~~~~~~~~~~^^^
  File "C:\Users\Manoj M\Downloads\secure_portfolio\.venv\Lib\site-packages\flask\app.py", line 740, in handle_http_exception
    return self.ensure_sync(handler)(e)  # type: ignore[no-any-return]
           ~~~~~~~~~~~~~~~~~~~~~~~~~^^^
  File "C:\Users\Manoj M\Downloads\secure_portfolio\app.py", line 602, in not_found
    return render_template_string("""
           ^^^^^^^^^^^^^^^^^^^^^^
NameError: name 'render_template_string' is not defined

During handling of the above exception, another exception occurred:

Traceback (most recent call last):
  File "C:\Users\Manoj M\Downloads\secure_portfolio\.venv\Lib\site-packages\werkzeug\serving.py", line 363, in run_wsgi
    execute(self.server.app)
    ~~~~~~~^^^^^^^^^^^^^^^^^
  File "C:\Users\Manoj M\Downloads\secure_portfolio\.venv\Lib\site-packages\werkzeug\serving.py", line 324, in execute
    application_iter = app(environ, start_response)
  File "C:\Users\Manoj M\Downloads\secure_portfolio\.venv\Lib\site-packages\flask\app.py", line 1498, in __call__
    return self.wsgi_app(environ, start_response)
           ~~~~~~~~~~~~~^^^^^^^^^^^^^^^^^^^^^^^^^
  File "C:\Users\Manoj M\Downloads\secure_portfolio\.venv\Lib\site-packages\flask\app.py", line 1476, in wsgi_app
    response = self.handle_exception(e)
  File "C:\Users\Manoj M\Downloads\secure_portfolio\.venv\Lib\site-packages\flask\app.py", line 823, in handle_exception
    server_error = self.ensure_sync(handler)(server_error)
  File "C:\Users\Manoj M\Downloads\secure_portfolio\app.py", line 611, in internal_error
    return render_template_string("""
           ^^^^^^^^^^^^^^^^^^^^^^
NameError: name 'render_template_string' is not defined
2026-08-08 11:52:49,351 [INFO] 127.0.0.1 - - [08/Aug/2026 11:52:49] "GET / HTTP/1.1" 200 -
2026-08-08 11:52:49,369 [INFO] 127.0.0.1 - - [08/Aug/2026 11:52:49] "[36mGET /static/css/style.css HTTP/1.1[0m" 304 -
2026-08-08 11:52:49,371 [ERROR] Exception on /static/profile.jpg [GET]
Traceback (most recent call last):
  File "C:\Users\Manoj M\Downloads\secure_portfolio\.venv\Lib\site-packages\flask\app.py", line 880, in full_dispatch_request
    rv = self.dispatch_request()
  File "C:\Users\Manoj M\Downloads\secure_portfolio\.venv\Lib\site-packages\flask\app.py", line 865, in dispatch_request
    return self.ensure_sync(self.view_functions[rule.endpoint])(**view_args)  # type: ignore[no-any-return]
           ~~~~~~~~~~~~~~~~~~~~~~~~~~~~~~~~~~~~~~~~~~~~~~~~~~~~^^^^^^^^^^^^^
  File "C:\Users\Manoj M\Downloads\secure_portfolio\.venv\Lib\site-packages\flask\app.py", line 270, in <lambda>
    view_func=lambda **kw: self_ref().send_static_file(**kw),  # type: ignore # noqa: B950
                           ~~~~~~~~~~~~~~~~~~~~~~~~~~~^^^^^^
  File "C:\Users\Manoj M\Downloads\secure_portfolio\.venv\Lib\site-packages\flask\app.py", line 318, in send_static_file
    return send_from_directory(
        t.cast(str, self.static_folder), filename, max_age=max_age
    )
  File "C:\Users\Manoj M\Downloads\secure_portfolio\.venv\Lib\site-packages\flask\helpers.py", line 552, in send_from_directory
    return werkzeug.utils.send_from_directory(  # type: ignore[return-value]
           ~~~~~~~~~~~~~~~~~~~~~~~~~~~~~~~~~~^^^^^^^^^^^^^^^^^^^^^^^^^^^^^^^
        directory, path, **_prepare_send_file_kwargs(**kwargs)
        ^^^^^^^^^^^^^^^^^^^^^^^^^^^^^^^^^^^^^^^^^^^^^^^^^^^^^^
    )
    ^
  File "C:\Users\Manoj M\Downloads\secure_portfolio\.venv\Lib\site-packages\werkzeug\utils.py", line 575, in send_from_directory
    raise NotFound()
werkzeug.exceptions.NotFound: 404 Not Found: The requested URL was not found on the server. If you entered the URL manually please check your spelling and try again.

During handling of the above exception, another exception occurred:

Traceback (most recent call last):
  File "C:\Users\Manoj M\Downloads\secure_portfolio\.venv\Lib\site-packages\flask\app.py", line 1473, in wsgi_app
    response = self.full_dispatch_request()
  File "C:\Users\Manoj M\Downloads\secure_portfolio\.venv\Lib\site-packages\flask\app.py", line 882, in full_dispatch_request
    rv = self.handle_user_exception(e)
  File "C:\Users\Manoj M\Downloads\secure_portfolio\.venv\Lib\site-packages\flask\app.py", line 765, in handle_user_exception
    return self.handle_http_exception(e)
           ~~~~~~~~~~~~~~~~~~~~~~~~~~^^^
  File "C:\Users\Manoj M\Downloads\secure_portfolio\.venv\Lib\site-packages\flask\app.py", line 740, in handle_http_exception
    return self.ensure_sync(handler)(e)  # type: ignore[no-any-return]
           ~~~~~~~~~~~~~~~~~~~~~~~~~^^^
  File "C:\Users\Manoj M\Downloads\secure_portfolio\app.py", line 602, in not_found
    return render_template_string("""
           ^^^^^^^^^^^^^^^^^^^^^^
NameError: name 'render_template_string' is not defined
2026-08-08 11:52:49,373 [INFO] 127.0.0.1 - - [08/Aug/2026 11:52:49] "[36mGET /static/js/main.js HTTP/1.1[0m" 304 -
2026-08-08 11:52:49,374 [ERROR] 500 error at /static/profile.jpg: 500 Internal Server Error: The server encountered an internal error and was unable to complete your request. Either the server is overloaded or there is an error in the application.
2026-08-08 11:52:49,374 [INFO] 127.0.0.1 - - [08/Aug/2026 11:52:49] "[35m[1mGET /static/profile.jpg HTTP/1.1[0m" 500 -
2026-08-08 11:52:49,379 [ERROR] Error on request:
Traceback (most recent call last):
  File "C:\Users\Manoj M\Downloads\secure_portfolio\.venv\Lib\site-packages\flask\app.py", line 880, in full_dispatch_request
    rv = self.dispatch_request()
  File "C:\Users\Manoj M\Downloads\secure_portfolio\.venv\Lib\site-packages\flask\app.py", line 865, in dispatch_request
    return self.ensure_sync(self.view_functions[rule.endpoint])(**view_args)  # type: ignore[no-any-return]
           ~~~~~~~~~~~~~~~~~~~~~~~~~~~~~~~~~~~~~~~~~~~~~~~~~~~~^^^^^^^^^^^^^
  File "C:\Users\Manoj M\Downloads\secure_portfolio\.venv\Lib\site-packages\flask\app.py", line 270, in <lambda>
    view_func=lambda **kw: self_ref().send_static_file(**kw),  # type: ignore # noqa: B950
                           ~~~~~~~~~~~~~~~~~~~~~~~~~~~^^^^^^
  File "C:\Users\Manoj M\Downloads\secure_portfolio\.venv\Lib\site-packages\flask\app.py", line 318, in send_static_file
    return send_from_directory(
    
  File "C:\Users\Manoj M\Downloads\secure_portfolio\.venv\Lib\site-packages\flask\helpers.py", line 552, in send_from_directory
    return werkzeug.utils.send_from_directory(  # type: ignore[return-value]
    
  File "C:\Users\Manoj M\Downloads\secure_portfolio\.venv\Lib\site-packages\werkzeug\utils.py", line 575, in send_from_directory
    raise NotFound()
werkzeug.exceptions.NotFound: 404 Not Found: The requested URL was not found on the server. If you entered the URL manually please check your spelling and try again.

During handling of the above exception, another exception occurred:

Traceback (most recent call last):
  File "C:\Users\Manoj M\Downloads\secure_portfolio\.venv\Lib\site-packages\flask\app.py", line 1473, in wsgi_app
    response = self.full_dispatch_request()
  File "C:\Users\Manoj M\Downloads\secure_portfolio\.venv\Lib\site-packages\flask\app.py", line 882, in full_dispatch_request
    rv = self.handle_user_exception(e)
  File "C:\Users\Manoj M\Downloads\secure_portfolio\.venv\Lib\site-packages\flask\app.py", line 765, in handle_user_exception
    return self.handle_http_exception(e)
           ~~~~~~~~~~~~~~~~~~~~~~~~~~^^^
  File "C:\Users\Manoj M\Downloads\secure_portfolio\.venv\Lib\site-packages\flask\app.py", line 740, in handle_http_exception
    return self.ensure_sync(handler)(e)  # type: ignore[no-any-return]
           ~~~~~~~~~~~~~~~~~~~~~~~~~^^^
  File "C:\Users\Manoj M\Downloads\secure_portfolio\app.py", line 602, in not_found
    return render_template_string("""
           ^^^^^^^^^^^^^^^^^^^^^^
NameError: name 'render_template_string' is not defined

During handling of the above exception, another exception occurred:

Traceback (most recent call last):
  File "C:\Users\Manoj M\Downloads\secure_portfolio\.venv\Lib\site-packages\werkzeug\serving.py", line 363, in run_wsgi
    execute(self.server.app)
    ~~~~~~~^^^^^^^^^^^^^^^^^
  File "C:\Users\Manoj M\Downloads\secure_portfolio\.venv\Lib\site-packages\werkzeug\serving.py", line 324, in execute
    application_iter = app(environ, start_response)
  File "C:\Users\Manoj M\Downloads\secure_portfolio\.venv\Lib\site-packages\flask\app.py", line 1498, in __call__
    return self.wsgi_app(environ, start_response)
           ~~~~~~~~~~~~~^^^^^^^^^^^^^^^^^^^^^^^^^
  File "C:\Users\Manoj M\Downloads\secure_portfolio\.venv\Lib\site-packages\flask\app.py", line 1476, in wsgi_app
    response = self.handle_exception(e)
  File "C:\Users\Manoj M\Downloads\secure_portfolio\.venv\Lib\site-packages\flask\app.py", line 823, in handle_exception
    server_error = self.ensure_sync(handler)(server_error)
  File "C:\Users\Manoj M\Downloads\secure_portfolio\app.py", line 611, in internal_error
    return render_template_string("""
           ^^^^^^^^^^^^^^^^^^^^^^
NameError: name 'render_template_string' is not defined
2026-08-08 11:52:57,098 [INFO] 127.0.0.1 - - [08/Aug/2026 11:52:57] "GET /internship HTTP/1.1" 200 -
2026-08-08 11:52:57,114 [ERROR] Exception on /static/profile.jpg [GET]
Traceback (most recent call last):
  File "C:\Users\Manoj M\Downloads\secure_portfolio\.venv\Lib\site-packages\flask\app.py", line 880, in full_dispatch_request
    rv = self.dispatch_request()
  File "C:\Users\Manoj M\Downloads\secure_portfolio\.venv\Lib\site-packages\flask\app.py", line 865, in dispatch_request
    return self.ensure_sync(self.view_functions[rule.endpoint])(**view_args)  # type: ignore[no-any-return]
           ~~~~~~~~~~~~~~~~~~~~~~~~~~~~~~~~~~~~~~~~~~~~~~~~~~~~^^^^^^^^^^^^^
  File "C:\Users\Manoj M\Downloads\secure_portfolio\.venv\Lib\site-packages\flask\app.py", line 270, in <lambda>
    view_func=lambda **kw: self_ref().send_static_file(**kw),  # type: ignore # noqa: B950
                           ~~~~~~~~~~~~~~~~~~~~~~~~~~~^^^^^^
  File "C:\Users\Manoj M\Downloads\secure_portfolio\.venv\Lib\site-packages\flask\app.py", line 318, in send_static_file
    return send_from_directory(
        t.cast(str, self.static_folder), filename, max_age=max_age
    )
  File "C:\Users\Manoj M\Downloads\secure_portfolio\.venv\Lib\site-packages\flask\helpers.py", line 552, in send_from_directory
    return werkzeug.utils.send_from_directory(  # type: ignore[return-value]
           ~~~~~~~~~~~~~~~~~~~~~~~~~~~~~~~~~~^^^^^^^^^^^^^^^^^^^^^^^^^^^^^^^
        directory, path, **_prepare_send_file_kwargs(**kwargs)
        ^^^^^^^^^^^^^^^^^^^^^^^^^^^^^^^^^^^^^^^^^^^^^^^^^^^^^^
    )
    ^
  File "C:\Users\Manoj M\Downloads\secure_portfolio\.venv\Lib\site-packages\werkzeug\utils.py", line 575, in send_from_directory
    raise NotFound()
werkzeug.exceptions.NotFound: 404 Not Found: The requested URL was not found on the server. If you entered the URL manually please check your spelling and try again.

During handling of the above exception, another exception occurred:

Traceback (most recent call last):
  File "C:\Users\Manoj M\Downloads\secure_portfolio\.venv\Lib\site-packages\flask\app.py", line 1473, in wsgi_app
    response = self.full_dispatch_request()
  File "C:\Users\Manoj M\Downloads\secure_portfolio\.venv\Lib\site-packages\flask\app.py", line 882, in full_dispatch_request
    rv = self.handle_user_exception(e)
  File "C:\Users\Manoj M\Downloads\secure_portfolio\.venv\Lib\site-packages\flask\app.py", line 765, in handle_user_exception
    return self.handle_http_exception(e)
           ~~~~~~~~~~~~~~~~~~~~~~~~~~^^^
  File "C:\Users\Manoj M\Downloads\secure_portfolio\.venv\Lib\site-packages\flask\app.py", line 740, in handle_http_exception
    return self.ensure_sync(handler)(e)  # type: ignore[no-any-return]
           ~~~~~~~~~~~~~~~~~~~~~~~~~^^^
  File "C:\Users\Manoj M\Downloads\secure_portfolio\app.py", line 602, in not_found
    return render_template_string("""
           ^^^^^^^^^^^^^^^^^^^^^^
NameError: name 'render_template_string' is not defined
2026-08-08 11:52:57,114 [INFO] 127.0.0.1 - - [08/Aug/2026 11:52:57] "[36mGET /static/css/style.css HTTP/1.1[0m" 304 -
2026-08-08 11:52:57,117 [INFO] 127.0.0.1 - - [08/Aug/2026 11:52:57] "[36mGET /static/js/main.js HTTP/1.1[0m" 304 -
2026-08-08 11:52:57,117 [ERROR] 500 error at /static/profile.jpg: 500 Internal Server Error: The server encountered an internal error and was unable to complete your request. Either the server is overloaded or there is an error in the application.
2026-08-08 11:52:57,118 [INFO] 127.0.0.1 - - [08/Aug/2026 11:52:57] "[35m[1mGET /static/profile.jpg HTTP/1.1[0m" 500 -
2026-08-08 11:52:57,123 [ERROR] Error on request:
Traceback (most recent call last):
  File "C:\Users\Manoj M\Downloads\secure_portfolio\.venv\Lib\site-packages\flask\app.py", line 880, in full_dispatch_request
    rv = self.dispatch_request()
  File "C:\Users\Manoj M\Downloads\secure_portfolio\.venv\Lib\site-packages\flask\app.py", line 865, in dispatch_request
    return self.ensure_sync(self.view_functions[rule.endpoint])(**view_args)  # type: ignore[no-any-return]
           ~~~~~~~~~~~~~~~~~~~~~~~~~~~~~~~~~~~~~~~~~~~~~~~~~~~~^^^^^^^^^^^^^
  File "C:\Users\Manoj M\Downloads\secure_portfolio\.venv\Lib\site-packages\flask\app.py", line 270, in <lambda>
    view_func=lambda **kw: self_ref().send_static_file(**kw),  # type: ignore # noqa: B950
                           ~~~~~~~~~~~~~~~~~~~~~~~~~~~^^^^^^
  File "C:\Users\Manoj M\Downloads\secure_portfolio\.venv\Lib\site-packages\flask\app.py", line 318, in send_static_file
    return send_from_directory(
    
  File "C:\Users\Manoj M\Downloads\secure_portfolio\.venv\Lib\site-packages\flask\helpers.py", line 552, in send_from_directory
    return werkzeug.utils.send_from_directory(  # type: ignore[return-value]
    
  File "C:\Users\Manoj M\Downloads\secure_portfolio\.venv\Lib\site-packages\werkzeug\utils.py", line 575, in send_from_directory
    raise NotFound()
werkzeug.exceptions.NotFound: 404 Not Found: The requested URL was not found on the server. If you entered the URL manually please check your spelling and try again.

During handling of the above exception, another exception occurred:

Traceback (most recent call last):
  File "C:\Users\Manoj M\Downloads\secure_portfolio\.venv\Lib\site-packages\flask\app.py", line 1473, in wsgi_app
    response = self.full_dispatch_request()
  File "C:\Users\Manoj M\Downloads\secure_portfolio\.venv\Lib\site-packages\flask\app.py", line 882, in full_dispatch_request
    rv = self.handle_user_exception(e)
  File "C:\Users\Manoj M\Downloads\secure_portfolio\.venv\Lib\site-packages\flask\app.py", line 765, in handle_user_exception
    return self.handle_http_exception(e)
           ~~~~~~~~~~~~~~~~~~~~~~~~~~^^^
  File "C:\Users\Manoj M\Downloads\secure_portfolio\.venv\Lib\site-packages\flask\app.py", line 740, in handle_http_exception
    return self.ensure_sync(handler)(e)  # type: ignore[no-any-return]
           ~~~~~~~~~~~~~~~~~~~~~~~~~^^^
  File "C:\Users\Manoj M\Downloads\secure_portfolio\app.py", line 602, in not_found
    return render_template_string("""
           ^^^^^^^^^^^^^^^^^^^^^^
NameError: name 'render_template_string' is not defined

During handling of the above exception, another exception occurred:

Traceback (most recent call last):
  File "C:\Users\Manoj M\Downloads\secure_portfolio\.venv\Lib\site-packages\werkzeug\serving.py", line 363, in run_wsgi
    execute(self.server.app)
    ~~~~~~~^^^^^^^^^^^^^^^^^
  File "C:\Users\Manoj M\Downloads\secure_portfolio\.venv\Lib\site-packages\werkzeug\serving.py", line 324, in execute
    application_iter = app(environ, start_response)
  File "C:\Users\Manoj M\Downloads\secure_portfolio\.venv\Lib\site-packages\flask\app.py", line 1498, in __call__
    return self.wsgi_app(environ, start_response)
           ~~~~~~~~~~~~~^^^^^^^^^^^^^^^^^^^^^^^^^
  File "C:\Users\Manoj M\Downloads\secure_portfolio\.venv\Lib\site-packages\flask\app.py", line 1476, in wsgi_app
    response = self.handle_exception(e)
  File "C:\Users\Manoj M\Downloads\secure_portfolio\.venv\Lib\site-packages\flask\app.py", line 823, in handle_exception
    server_error = self.ensure_sync(handler)(server_error)
  File "C:\Users\Manoj M\Downloads\secure_portfolio\app.py", line 611, in internal_error
    return render_template_string("""
           ^^^^^^^^^^^^^^^^^^^^^^
NameError: name 'render_template_string' is not defined
2026-08-08 11:53:39,919 [WARNING] Unauthorized access attempt to /admin - IP: 127.0.0.1
2026-08-08 11:53:39,919 [INFO] 127.0.0.1 - - [08/Aug/2026 11:53:39] "[32mGET /admin HTTP/1.1[0m" 302 -
2026-08-08 11:53:39,928 [INFO] 127.0.0.1 - - [08/Aug/2026 11:53:39] "GET /admin/login HTTP/1.1" 200 -
2026-08-08 11:53:39,958 [INFO] 127.0.0.1 - - [08/Aug/2026 11:53:39] "[36mGET /static/css/style.css HTTP/1.1[0m" 304 -
2026-08-08 11:53:39,959 [ERROR] Exception on /static/profile.jpg [GET]
Traceback (most recent call last):
  File "C:\Users\Manoj M\Downloads\secure_portfolio\.venv\Lib\site-packages\flask\app.py", line 880, in full_dispatch_request
    rv = self.dispatch_request()
  File "C:\Users\Manoj M\Downloads\secure_portfolio\.venv\Lib\site-packages\flask\app.py", line 865, in dispatch_request
    return self.ensure_sync(self.view_functions[rule.endpoint])(**view_args)  # type: ignore[no-any-return]
           ~~~~~~~~~~~~~~~~~~~~~~~~~~~~~~~~~~~~~~~~~~~~~~~~~~~~^^^^^^^^^^^^^
  File "C:\Users\Manoj M\Downloads\secure_portfolio\.venv\Lib\site-packages\flask\app.py", line 270, in <lambda>
    view_func=lambda **kw: self_ref().send_static_file(**kw),  # type: ignore # noqa: B950
                           ~~~~~~~~~~~~~~~~~~~~~~~~~~~^^^^^^
  File "C:\Users\Manoj M\Downloads\secure_portfolio\.venv\Lib\site-packages\flask\app.py", line 318, in send_static_file
    return send_from_directory(
        t.cast(str, self.static_folder), filename, max_age=max_age
    )
  File "C:\Users\Manoj M\Downloads\secure_portfolio\.venv\Lib\site-packages\flask\helpers.py", line 552, in send_from_directory
    return werkzeug.utils.send_from_directory(  # type: ignore[return-value]
           ~~~~~~~~~~~~~~~~~~~~~~~~~~~~~~~~~~^^^^^^^^^^^^^^^^^^^^^^^^^^^^^^^
        directory, path, **_prepare_send_file_kwargs(**kwargs)
        ^^^^^^^^^^^^^^^^^^^^^^^^^^^^^^^^^^^^^^^^^^^^^^^^^^^^^^
    )
    ^
  File "C:\Users\Manoj M\Downloads\secure_portfolio\.venv\Lib\site-packages\werkzeug\utils.py", line 575, in send_from_directory
    raise NotFound()
werkzeug.exceptions.NotFound: 404 Not Found: The requested URL was not found on the server. If you entered the URL manually please check your spelling and try again.

During handling of the above exception, another exception occurred:

Traceback (most recent call last):
  File "C:\Users\Manoj M\Downloads\secure_portfolio\.venv\Lib\site-packages\flask\app.py", line 1473, in wsgi_app
    response = self.full_dispatch_request()
  File "C:\Users\Manoj M\Downloads\secure_portfolio\.venv\Lib\site-packages\flask\app.py", line 882, in full_dispatch_request
    rv = self.handle_user_exception(e)
  File "C:\Users\Manoj M\Downloads\secure_portfolio\.venv\Lib\site-packages\flask\app.py", line 765, in handle_user_exception
    return self.handle_http_exception(e)
           ~~~~~~~~~~~~~~~~~~~~~~~~~~^^^
  File "C:\Users\Manoj M\Downloads\secure_portfolio\.venv\Lib\site-packages\flask\app.py", line 740, in handle_http_exception
    return self.ensure_sync(handler)(e)  # type: ignore[no-any-return]
           ~~~~~~~~~~~~~~~~~~~~~~~~~^^^
  File "C:\Users\Manoj M\Downloads\secure_portfolio\app.py", line 602, in not_found
    return render_template_string("""
           ^^^^^^^^^^^^^^^^^^^^^^
NameError: name 'render_template_string' is not defined
2026-08-08 11:53:39,959 [INFO] 127.0.0.1 - - [08/Aug/2026 11:53:39] "[36mGET /static/js/main.js HTTP/1.1[0m" 304 -
2026-08-08 11:53:39,962 [ERROR] 500 error at /static/profile.jpg: 500 Internal Server Error: The server encountered an internal error and was unable to complete your request. Either the server is overloaded or there is an error in the application.
2026-08-08 11:53:39,962 [INFO] 127.0.0.1 - - [08/Aug/2026 11:53:39] "[35m[1mGET /static/profile.jpg HTTP/1.1[0m" 500 -
2026-08-08 11:53:39,966 [ERROR] Error on request:
Traceback (most recent call last):
  File "C:\Users\Manoj M\Downloads\secure_portfolio\.venv\Lib\site-packages\flask\app.py", line 880, in full_dispatch_request
    rv = self.dispatch_request()
  File "C:\Users\Manoj M\Downloads\secure_portfolio\.venv\Lib\site-packages\flask\app.py", line 865, in dispatch_request
    return self.ensure_sync(self.view_functions[rule.endpoint])(**view_args)  # type: ignore[no-any-return]
           ~~~~~~~~~~~~~~~~~~~~~~~~~~~~~~~~~~~~~~~~~~~~~~~~~~~~^^^^^^^^^^^^^
  File "C:\Users\Manoj M\Downloads\secure_portfolio\.venv\Lib\site-packages\flask\app.py", line 270, in <lambda>
    view_func=lambda **kw: self_ref().send_static_file(**kw),  # type: ignore # noqa: B950
                           ~~~~~~~~~~~~~~~~~~~~~~~~~~~^^^^^^
  File "C:\Users\Manoj M\Downloads\secure_portfolio\.venv\Lib\site-packages\flask\app.py", line 318, in send_static_file
    return send_from_directory(
    
  File "C:\Users\Manoj M\Downloads\secure_portfolio\.venv\Lib\site-packages\flask\helpers.py", line 552, in send_from_directory
    return werkzeug.utils.send_from_directory(  # type: ignore[return-value]
    
  File "C:\Users\Manoj M\Downloads\secure_portfolio\.venv\Lib\site-packages\werkzeug\utils.py", line 575, in send_from_directory
    raise NotFound()
werkzeug.exceptions.NotFound: 404 Not Found: The requested URL was not found on the server. If you entered the URL manually please check your spelling and try again.

During handling of the above exception, another exception occurred:

Traceback (most recent call last):
  File "C:\Users\Manoj M\Downloads\secure_portfolio\.venv\Lib\site-packages\flask\app.py", line 1473, in wsgi_app
    response = self.full_dispatch_request()
  File "C:\Users\Manoj M\Downloads\secure_portfolio\.venv\Lib\site-packages\flask\app.py", line 882, in full_dispatch_request
    rv = self.handle_user_exception(e)
  File "C:\Users\Manoj M\Downloads\secure_portfolio\.venv\Lib\site-packages\flask\app.py", line 765, in handle_user_exception
    return self.handle_http_exception(e)
           ~~~~~~~~~~~~~~~~~~~~~~~~~~^^^
  File "C:\Users\Manoj M\Downloads\secure_portfolio\.venv\Lib\site-packages\flask\app.py", line 740, in handle_http_exception
    return self.ensure_sync(handler)(e)  # type: ignore[no-any-return]
           ~~~~~~~~~~~~~~~~~~~~~~~~~^^^
  File "C:\Users\Manoj M\Downloads\secure_portfolio\app.py", line 602, in not_found
    return render_template_string("""
           ^^^^^^^^^^^^^^^^^^^^^^
NameError: name 'render_template_string' is not defined

During handling of the above exception, another exception occurred:

Traceback (most recent call last):
  File "C:\Users\Manoj M\Downloads\secure_portfolio\.venv\Lib\site-packages\werkzeug\serving.py", line 363, in run_wsgi
    execute(self.server.app)
    ~~~~~~~^^^^^^^^^^^^^^^^^
  File "C:\Users\Manoj M\Downloads\secure_portfolio\.venv\Lib\site-packages\werkzeug\serving.py", line 324, in execute
    application_iter = app(environ, start_response)
  File "C:\Users\Manoj M\Downloads\secure_portfolio\.venv\Lib\site-packages\flask\app.py", line 1498, in __call__
    return self.wsgi_app(environ, start_response)
           ~~~~~~~~~~~~~^^^^^^^^^^^^^^^^^^^^^^^^^
  File "C:\Users\Manoj M\Downloads\secure_portfolio\.venv\Lib\site-packages\flask\app.py", line 1476, in wsgi_app
    response = self.handle_exception(e)
  File "C:\Users\Manoj M\Downloads\secure_portfolio\.venv\Lib\site-packages\flask\app.py", line 823, in handle_exception
    server_error = self.ensure_sync(handler)(server_error)
  File "C:\Users\Manoj M\Downloads\secure_portfolio\app.py", line 611, in internal_error
    return render_template_string("""
           ^^^^^^^^^^^^^^^^^^^^^^
NameError: name 'render_template_string' is not defined
2026-08-08 11:54:02,605 [ERROR] Exception on /admin/login [POST]
Traceback (most recent call last):
  File "C:\Users\Manoj M\Downloads\secure_portfolio\.venv\Lib\site-packages\flask\app.py", line 1473, in wsgi_app
    response = self.full_dispatch_request()
  File "C:\Users\Manoj M\Downloads\secure_portfolio\.venv\Lib\site-packages\flask\app.py", line 882, in full_dispatch_request
    rv = self.handle_user_exception(e)
  File "C:\Users\Manoj M\Downloads\secure_portfolio\.venv\Lib\site-packages\flask\app.py", line 880, in full_dispatch_request
    rv = self.dispatch_request()
  File "C:\Users\Manoj M\Downloads\secure_portfolio\.venv\Lib\site-packages\flask\app.py", line 865, in dispatch_request
    return self.ensure_sync(self.view_functions[rule.endpoint])(**view_args)  # type: ignore[no-any-return]
           ~~~~~~~~~~~~~~~~~~~~~~~~~~~~~~~~~~~~~~~~~~~~~~~~~~~~^^^^^^^^^^^^^
  File "C:\Users\Manoj M\Downloads\secure_portfolio\app.py", line 445, in admin_login
    password_valid = verify_password(password, app.config['ADMIN_PASSWORD_HASH'])
  File "C:\Users\Manoj M\Downloads\secure_portfolio\app.py", line 218, in verify_password
    return bcrypt.checkpw(password.encode('utf-8'), hashed.encode('utf-8'))
           ~~~~~~~~~~~~~~^^^^^^^^^^^^^^^^^^^^^^^^^^^^^^^^^^^^^^^^^^^^^^^^^^
ValueError: Invalid salt
2026-08-08 11:54:02,606 [ERROR] 500 error at /admin/login: 500 Internal Server Error: The server encountered an internal error and was unable to complete your request. Either the server is overloaded or there is an error in the application.
2026-08-08 11:54:02,606 [INFO] 127.0.0.1 - - [08/Aug/2026 11:54:02] "[35m[1mPOST /admin/login HTTP/1.1[0m" 500 -
2026-08-08 11:54:02,610 [ERROR] Error on request:
Traceback (most recent call last):
  File "C:\Users\Manoj M\Downloads\secure_portfolio\.venv\Lib\site-packages\flask\app.py", line 1473, in wsgi_app
    response = self.full_dispatch_request()
  File "C:\Users\Manoj M\Downloads\secure_portfolio\.venv\Lib\site-packages\flask\app.py", line 882, in full_dispatch_request
    rv = self.handle_user_exception(e)
  File "C:\Users\Manoj M\Downloads\secure_portfolio\.venv\Lib\site-packages\flask\app.py", line 880, in full_dispatch_request
    rv = self.dispatch_request()
  File "C:\Users\Manoj M\Downloads\secure_portfolio\.venv\Lib\site-packages\flask\app.py", line 865, in dispatch_request
    return self.ensure_sync(self.view_functions[rule.endpoint])(**view_args)  # type: ignore[no-any-return]
           ~~~~~~~~~~~~~~~~~~~~~~~~~~~~~~~~~~~~~~~~~~~~~~~~~~~~^^^^^^^^^^^^^
  File "C:\Users\Manoj M\Downloads\secure_portfolio\app.py", line 445, in admin_login
    password_valid = verify_password(password, app.config['ADMIN_PASSWORD_HASH'])
  File "C:\Users\Manoj M\Downloads\secure_portfolio\app.py", line 218, in verify_password
    return bcrypt.checkpw(password.encode('utf-8'), hashed.encode('utf-8'))
           ~~~~~~~~~~~~~~^^^^^^^^^^^^^^^^^^^^^^^^^^^^^^^^^^^^^^^^^^^^^^^^^^
ValueError: Invalid salt

During handling of the above exception, another exception occurred:

Traceback (most recent call last):
  File "C:\Users\Manoj M\Downloads\secure_portfolio\.venv\Lib\site-packages\werkzeug\serving.py", line 363, in run_wsgi
    execute(self.server.app)
    ~~~~~~~^^^^^^^^^^^^^^^^^
  File "C:\Users\Manoj M\Downloads\secure_portfolio\.venv\Lib\site-packages\werkzeug\serving.py", line 324, in execute
    application_iter = app(environ, start_response)
  File "C:\Users\Manoj M\Downloads\secure_portfolio\.venv\Lib\site-packages\flask\app.py", line 1498, in __call__
    return self.wsgi_app(environ, start_response)
           ~~~~~~~~~~~~~^^^^^^^^^^^^^^^^^^^^^^^^^
  File "C:\Users\Manoj M\Downloads\secure_portfolio\.venv\Lib\site-packages\flask\app.py", line 1476, in wsgi_app
    response = self.handle_exception(e)
  File "C:\Users\Manoj M\Downloads\secure_portfolio\.venv\Lib\site-packages\flask\app.py", line 823, in handle_exception
    server_error = self.ensure_sync(handler)(server_error)
  File "C:\Users\Manoj M\Downloads\secure_portfolio\app.py", line 611, in internal_error
    return render_template_string("""
           ^^^^^^^^^^^^^^^^^^^^^^
NameError: name 'render_template_string' is not defined
2026-08-08 11:57:48,200 [INFO] [31m[1mWARNING: This is a development server. Do not use it in a production deployment. Use a production WSGI server instead.[0m
 * Running on all addresses (0.0.0.0)
 * Running on http://127.0.0.1:5000
 * Running on http://10.242.62.42:5000
2026-08-08 11:57:48,201 [INFO] [33mPress CTRL+C to quit[0m
2026-08-08 11:57:57,493 [INFO] 127.0.0.1 - - [08/Aug/2026 11:57:57] "GET / HTTP/1.1" 200 -
2026-08-08 11:57:57,551 [INFO] 127.0.0.1 - - [08/Aug/2026 11:57:57] "[33mGET /static/profile.jpg HTTP/1.1[0m" 404 -
2026-08-08 11:57:57,617 [INFO] 127.0.0.1 - - [08/Aug/2026 11:57:57] "[36mGET /static/css/style.css HTTP/1.1[0m" 304 -
2026-08-08 11:57:57,617 [INFO] 127.0.0.1 - - [08/Aug/2026 11:57:57] "[36mGET /static/js/main.js HTTP/1.1[0m" 304 -
2026-08-08 11:58:15,814 [INFO] 127.0.0.1 - - [08/Aug/2026 11:58:15] "GET /admin/login HTTP/1.1" 200 -
2026-08-08 11:58:15,841 [INFO] 127.0.0.1 - - [08/Aug/2026 11:58:15] "[33mGET /static/profile.jpg HTTP/1.1[0m" 404 -
2026-08-08 11:58:15,841 [INFO] 127.0.0.1 - - [08/Aug/2026 11:58:15] "[36mGET /static/js/main.js HTTP/1.1[0m" 304 -
2026-08-08 11:58:15,842 [INFO] 127.0.0.1 - - [08/Aug/2026 11:58:15] "[36mGET /static/css/style.css HTTP/1.1[0m" 304 -
2026-08-08 11:58:32,001 [ERROR] Invalid password hash in config. Please regenerate ADMIN_PASSWORD_HASH.
2026-08-08 11:58:32,006 [WARNING] Login attempt from 127.0.0.1 - Email: admin@portfolio.local - Success: False
2026-08-08 11:58:32,007 [INFO] 127.0.0.1 - - [08/Aug/2026 11:58:32] "POST /admin/login HTTP/1.1" 200 -
2026-08-08 11:58:32,025 [INFO] 127.0.0.1 - - [08/Aug/2026 11:58:32] "[36mGET /static/css/style.css HTTP/1.1[0m" 304 -
2026-08-08 11:58:32,025 [INFO] 127.0.0.1 - - [08/Aug/2026 11:58:32] "[36mGET /static/js/main.js HTTP/1.1[0m" 304 -
2026-08-08 11:58:32,026 [INFO] 127.0.0.1 - - [08/Aug/2026 11:58:32] "[33mGET /static/profile.jpg HTTP/1.1[0m" 404 -
2026-08-08 11:59:28,617 [INFO] 127.0.0.1 - - [08/Aug/2026 11:59:28] "GET /admin/login HTTP/1.1" 200 -
2026-08-08 11:59:28,637 [INFO] 127.0.0.1 - - [08/Aug/2026 11:59:28] "[36mGET /static/css/style.css HTTP/1.1[0m" 304 -
2026-08-08 11:59:28,638 [INFO] 127.0.0.1 - - [08/Aug/2026 11:59:28] "[33mGET /static/profile.jpg HTTP/1.1[0m" 404 -
2026-08-08 11:59:28,638 [INFO] 127.0.0.1 - - [08/Aug/2026 11:59:28] "[36mGET /static/js/main.js HTTP/1.1[0m" 304 -
2026-08-08 12:02:31,705 [ERROR] Invalid password hash in config. Please regenerate ADMIN_PASSWORD_HASH.
2026-08-08 12:02:31,723 [WARNING] Login attempt from 127.0.0.1 - Email: admin@portfolio.local - Success: False
2026-08-08 12:02:31,724 [INFO] 127.0.0.1 - - [08/Aug/2026 12:02:31] "POST /admin/login HTTP/1.1" 200 -
2026-08-08 12:02:31,757 [INFO] 127.0.0.1 - - [08/Aug/2026 12:02:31] "[36mGET /static/css/style.css HTTP/1.1[0m" 304 -
2026-08-08 12:02:31,760 [INFO] 127.0.0.1 - - [08/Aug/2026 12:02:31] "[36mGET /static/js/main.js HTTP/1.1[0m" 304 -
2026-08-08 12:02:31,761 [INFO] 127.0.0.1 - - [08/Aug/2026 12:02:31] "[33mGET /static/profile.jpg HTTP/1.1[0m" 404 -
2026-08-08 12:04:28,350 [INFO] [31m[1mWARNING: This is a development server. Do not use it in a production deployment. Use a production WSGI server instead.[0m
 * Running on all addresses (0.0.0.0)
 * Running on http://127.0.0.1:5000
 * Running on http://10.242.62.42:5000
2026-08-08 12:04:28,350 [INFO] [33mPress CTRL+C to quit[0m
2026-08-08 12:04:29,961 [INFO] 127.0.0.1 - - [08/Aug/2026 12:04:29] "GET / HTTP/1.1" 200 -
2026-08-08 12:04:30,068 [INFO] 127.0.0.1 - - [08/Aug/2026 12:04:30] "[33mGET /static/profile.jpg HTTP/1.1[0m" 404 -
2026-08-08 12:04:30,194 [INFO] 127.0.0.1 - - [08/Aug/2026 12:04:30] "[36mGET /static/css/style.css HTTP/1.1[0m" 304 -
2026-08-08 12:04:30,196 [INFO] 127.0.0.1 - - [08/Aug/2026 12:04:30] "[36mGET /static/js/main.js HTTP/1.1[0m" 304 -
2026-08-08 12:04:33,146 [INFO] 127.0.0.1 - - [08/Aug/2026 12:04:33] "GET /admin/login HTTP/1.1" 200 -
2026-08-08 12:04:33,192 [INFO] 127.0.0.1 - - [08/Aug/2026 12:04:33] "[36mGET /static/css/style.css HTTP/1.1[0m" 304 -
2026-08-08 12:04:33,197 [INFO] 127.0.0.1 - - [08/Aug/2026 12:04:33] "[33mGET /static/profile.jpg HTTP/1.1[0m" 404 -
2026-08-08 12:04:33,198 [INFO] 127.0.0.1 - - [08/Aug/2026 12:04:33] "[36mGET /static/js/main.js HTTP/1.1[0m" 304 -
2026-08-08 12:04:57,665 [ERROR] Invalid password hash in config. Please regenerate ADMIN_PASSWORD_HASH.
2026-08-08 12:04:57,672 [WARNING] Login attempt from 127.0.0.1 - Email: admin@portfolio.local - Success: False
2026-08-08 12:04:57,673 [INFO] 127.0.0.1 - - [08/Aug/2026 12:04:57] "POST /admin/login HTTP/1.1" 200 -
2026-08-08 12:04:57,691 [INFO] 127.0.0.1 - - [08/Aug/2026 12:04:57] "[36mGET /static/css/style.css HTTP/1.1[0m" 304 -
2026-08-08 12:04:57,692 [INFO] 127.0.0.1 - - [08/Aug/2026 12:04:57] "[33mGET /static/profile.jpg HTTP/1.1[0m" 404 -
2026-08-08 12:04:57,694 [INFO] 127.0.0.1 - - [08/Aug/2026 12:04:57] "[36mGET /static/js/main.js HTTP/1.1[0m" 304 -
2026-08-08 12:11:41,852 [INFO] [31m[1mWARNING: This is a development server. Do not use it in a production deployment. Use a production WSGI server instead.[0m
 * Running on all addresses (0.0.0.0)
 * Running on http://127.0.0.1:5000
 * Running on http://10.242.62.42:5000
2026-08-08 12:11:41,853 [INFO] [33mPress CTRL+C to quit[0m
2026-08-08 12:11:51,215 [INFO] 127.0.0.1 - - [08/Aug/2026 12:11:51] "GET / HTTP/1.1" 200 -
2026-08-08 12:11:51,277 [INFO] 127.0.0.1 - - [08/Aug/2026 12:11:51] "[33mGET /static/profile.jpg HTTP/1.1[0m" 404 -
2026-08-08 12:11:51,345 [INFO] 127.0.0.1 - - [08/Aug/2026 12:11:51] "[36mGET /static/css/style.css HTTP/1.1[0m" 304 -
2026-08-08 12:11:51,346 [INFO] 127.0.0.1 - - [08/Aug/2026 12:11:51] "[36mGET /static/js/main.js HTTP/1.1[0m" 304 -
2026-08-08 12:11:54,506 [INFO] 127.0.0.1 - - [08/Aug/2026 12:11:54] "GET /admin/login HTTP/1.1" 200 -
2026-08-08 12:11:54,523 [INFO] 127.0.0.1 - - [08/Aug/2026 12:11:54] "[36mGET /static/css/style.css HTTP/1.1[0m" 304 -
2026-08-08 12:11:54,526 [INFO] 127.0.0.1 - - [08/Aug/2026 12:11:54] "[33mGET /static/profile.jpg HTTP/1.1[0m" 404 -
2026-08-08 12:11:54,527 [INFO] 127.0.0.1 - - [08/Aug/2026 12:11:54] "[36mGET /static/js/main.js HTTP/1.1[0m" 304 -
2026-08-08 12:12:11,683 [ERROR] Invalid password hash in config. Please regenerate ADMIN_PASSWORD_HASH.
2026-08-08 12:12:11,691 [WARNING] Login attempt from 127.0.0.1 - Email: admin@portfolio.local - Success: False
2026-08-08 12:12:11,692 [INFO] 127.0.0.1 - - [08/Aug/2026 12:12:11] "POST /admin/login HTTP/1.1" 200 -
2026-08-08 12:12:11,710 [INFO] 127.0.0.1 - - [08/Aug/2026 12:12:11] "[33mGET /static/profile.jpg HTTP/1.1[0m" 404 -
2026-08-08 12:12:11,711 [INFO] 127.0.0.1 - - [08/Aug/2026 12:12:11] "[36mGET /static/js/main.js HTTP/1.1[0m" 304 -
2026-08-08 12:12:11,711 [INFO] 127.0.0.1 - - [08/Aug/2026 12:12:11] "[36mGET /static/css/style.css HTTP/1.1[0m" 304 -
2026-08-08 12:13:37,273 [INFO] [31m[1mWARNING: This is a development server. Do not use it in a production deployment. Use a production WSGI server instead.[0m
 * Running on all addresses (0.0.0.0)
 * Running on http://127.0.0.1:5000
 * Running on http://10.242.62.42:5000
2026-08-08 12:13:37,273 [INFO] [33mPress CTRL+C to quit[0m
2026-08-08 12:13:39,727 [INFO] 127.0.0.1 - - [08/Aug/2026 12:13:39] "GET / HTTP/1.1" 200 -
2026-08-08 12:13:39,777 [INFO] 127.0.0.1 - - [08/Aug/2026 12:13:39] "[33mGET /static/profile.jpg HTTP/1.1[0m" 404 -
2026-08-08 12:13:39,838 [INFO] 127.0.0.1 - - [08/Aug/2026 12:13:39] "[36mGET /static/css/style.css HTTP/1.1[0m" 304 -
2026-08-08 12:13:39,842 [INFO] 127.0.0.1 - - [08/Aug/2026 12:13:39] "[36mGET /static/js/main.js HTTP/1.1[0m" 304 -
2026-08-08 12:13:52,097 [INFO] 127.0.0.1 - - [08/Aug/2026 12:13:52] "GET /admin/login HTTP/1.1" 200 -
2026-08-08 12:13:52,117 [INFO] 127.0.0.1 - - [08/Aug/2026 12:13:52] "[36mGET /static/css/style.css HTTP/1.1[0m" 304 -
2026-08-08 12:13:52,118 [INFO] 127.0.0.1 - - [08/Aug/2026 12:13:52] "[36mGET /static/js/main.js HTTP/1.1[0m" 304 -
2026-08-08 12:13:52,119 [INFO] 127.0.0.1 - - [08/Aug/2026 12:13:52] "[33mGET /static/profile.jpg HTTP/1.1[0m" 404 -
2026-08-08 12:14:17,839 [ERROR] Invalid password hash in config. Please regenerate ADMIN_PASSWORD_HASH.
2026-08-08 12:14:17,844 [WARNING] Login attempt from 127.0.0.1 - Email: admin@portfolio.local - Success: False
2026-08-08 12:14:17,845 [INFO] 127.0.0.1 - - [08/Aug/2026 12:14:17] "POST /admin/login HTTP/1.1" 200 -
2026-08-08 12:14:17,867 [INFO] 127.0.0.1 - - [08/Aug/2026 12:14:17] "[36mGET /static/css/style.css HTTP/1.1[0m" 304 -
2026-08-08 12:14:17,868 [INFO] 127.0.0.1 - - [08/Aug/2026 12:14:17] "[36mGET /static/js/main.js HTTP/1.1[0m" 304 -
2026-08-08 12:14:17,870 [INFO] 127.0.0.1 - - [08/Aug/2026 12:14:17] "[33mGET /static/profile.jpg HTTP/1.1[0m" 404 -
2026-08-08 12:26:35,373 [WARNING] SECRET_KEY not set in environment. Auto-generated for local testing. In production, set a strong SECRET_KEY env var!
2026-08-08 12:26:36,666 [INFO] [31m[1mWARNING: This is a development server. Do not use it in a production deployment. Use a production WSGI server instead.[0m
 * Running on all addresses (0.0.0.0)
 * Running on http://127.0.0.1:5000
 * Running on http://10.242.62.42:5000
2026-08-08 12:26:36,666 [INFO] [33mPress CTRL+C to quit[0m
2026-08-08 12:26:40,964 [INFO] 127.0.0.1 - - [08/Aug/2026 12:26:40] "GET / HTTP/1.1" 200 -
2026-08-08 12:26:41,024 [INFO] 127.0.0.1 - - [08/Aug/2026 12:26:41] "[33mGET /static/profile.jpg HTTP/1.1[0m" 404 -
2026-08-08 12:26:41,080 [INFO] 127.0.0.1 - - [08/Aug/2026 12:26:41] "[36mGET /static/css/style.css HTTP/1.1[0m" 304 -
2026-08-08 12:26:41,087 [INFO] 127.0.0.1 - - [08/Aug/2026 12:26:41] "[36mGET /static/js/main.js HTTP/1.1[0m" 304 -
2026-08-08 12:26:47,288 [WARNING] Unauthorized access attempt to /admin - IP: 127.0.0.1
2026-08-08 12:26:47,289 [INFO] 127.0.0.1 - - [08/Aug/2026 12:26:47] "[32mGET /admin HTTP/1.1[0m" 302 -
2026-08-08 12:26:47,296 [INFO] 127.0.0.1 - - [08/Aug/2026 12:26:47] "GET /admin/login HTTP/1.1" 200 -
2026-08-08 12:26:47,321 [INFO] 127.0.0.1 - - [08/Aug/2026 12:26:47] "[36mGET /static/css/style.css HTTP/1.1[0m" 304 -
2026-08-08 12:26:47,322 [INFO] 127.0.0.1 - - [08/Aug/2026 12:26:47] "[36mGET /static/js/main.js HTTP/1.1[0m" 304 -
2026-08-08 12:26:47,324 [INFO] 127.0.0.1 - - [08/Aug/2026 12:26:47] "[33mGET /static/profile.jpg HTTP/1.1[0m" 404 -
2026-08-08 12:27:03,786 [INFO] Login attempt from 127.0.0.1 - Email: admin@portfolio.local - Success: True
2026-08-08 12:27:03,786 [INFO] Admin login successful from 127.0.0.1
2026-08-08 12:27:03,787 [INFO] 127.0.0.1 - - [08/Aug/2026 12:27:03] "[32mPOST /admin/login HTTP/1.1[0m" 302 -
2026-08-08 12:27:03,797 [INFO] 127.0.0.1 - - [08/Aug/2026 12:27:03] "GET /admin HTTP/1.1" 200 -
2026-08-08 12:27:03,818 [INFO] 127.0.0.1 - - [08/Aug/2026 12:27:03] "[33mGET /static/profile.jpg HTTP/1.1[0m" 404 -
2026-08-08 12:27:03,818 [INFO] 127.0.0.1 - - [08/Aug/2026 12:27:03] "[36mGET /static/css/style.css HTTP/1.1[0m" 304 -
2026-08-08 12:27:03,820 [INFO] 127.0.0.1 - - [08/Aug/2026 12:27:03] "[36mGET /static/js/main.js HTTP/1.1[0m" 304 -
2026-08-08 12:28:19,635 [INFO] 127.0.0.1 - - [08/Aug/2026 12:28:19] "GET / HTTP/1.1" 200 -
2026-08-08 12:28:19,659 [INFO] 127.0.0.1 - - [08/Aug/2026 12:28:19] "GET /static/css/style.css HTTP/1.1" 200 -
2026-08-08 12:28:19,660 [INFO] 127.0.0.1 - - [08/Aug/2026 12:28:19] "[33mGET /static/profile.jpg HTTP/1.1[0m" 404 -
2026-08-08 12:28:19,660 [INFO] 127.0.0.1 - - [08/Aug/2026 12:28:19] "GET /static/js/main.js HTTP/1.1" 200 -
2026-08-08 12:28:20,173 [INFO] 127.0.0.1 - - [08/Aug/2026 12:28:20] "[33mGET /favicon.ico HTTP/1.1[0m" 404 -
2026-08-08 12:28:30,746 [WARNING] Unauthorized access attempt to /admin - IP: 127.0.0.1
2026-08-08 12:28:30,747 [INFO] 127.0.0.1 - - [08/Aug/2026 12:28:30] "[32mGET /admin HTTP/1.1[0m" 302 -
2026-08-08 12:28:30,751 [INFO] 127.0.0.1 - - [08/Aug/2026 12:28:30] "GET /admin/login HTTP/1.1" 200 -
2026-08-08 12:28:30,760 [INFO] 127.0.0.1 - - [08/Aug/2026 12:28:30] "[36mGET /static/css/style.css HTTP/1.1[0m" 304 -
2026-08-08 12:28:30,765 [INFO] 127.0.0.1 - - [08/Aug/2026 12:28:30] "[33mGET /static/profile.jpg HTTP/1.1[0m" 404 -
2026-08-08 12:28:30,766 [INFO] 127.0.0.1 - - [08/Aug/2026 12:28:30] "[36mGET /static/js/main.js HTTP/1.1[0m" 304 -
2026-08-08 12:28:47,747 [INFO] Login attempt from 127.0.0.1 - Email: admin@portfolio.local - Success: True
2026-08-08 12:28:47,747 [INFO] Admin login successful from 127.0.0.1
2026-08-08 12:28:47,748 [INFO] 127.0.0.1 - - [08/Aug/2026 12:28:47] "[32mPOST /admin/login HTTP/1.1[0m" 302 -
2026-08-08 12:28:47,754 [INFO] 127.0.0.1 - - [08/Aug/2026 12:28:47] "GET /admin HTTP/1.1" 200 -
2026-08-08 12:28:47,768 [INFO] 127.0.0.1 - - [08/Aug/2026 12:28:47] "[36mGET /static/css/style.css HTTP/1.1[0m" 304 -
2026-08-08 12:28:47,772 [INFO] 127.0.0.1 - - [08/Aug/2026 12:28:47] "[33mGET /static/profile.jpg HTTP/1.1[0m" 404 -
2026-08-08 12:28:47,773 [INFO] 127.0.0.1 - - [08/Aug/2026 12:28:47] "[36mGET /static/js/main.js HTTP/1.1[0m" 304 -
2026-08-08 12:29:03,002 [INFO] 127.0.0.1 - - [08/Aug/2026 12:29:03] "GET /admin/add/project HTTP/1.1" 200 -
2026-08-08 12:29:03,014 [INFO] 127.0.0.1 - - [08/Aug/2026 12:29:03] "[36mGET /static/css/style.css HTTP/1.1[0m" 304 -
2026-08-08 12:29:03,014 [INFO] 127.0.0.1 - - [08/Aug/2026 12:29:03] "[33mGET /static/profile.jpg HTTP/1.1[0m" 404 -
2026-08-08 12:29:03,022 [INFO] 127.0.0.1 - - [08/Aug/2026 12:29:03] "[36mGET /static/js/main.js HTTP/1.1[0m" 304 -
2026-08-08 12:50:42,178 [INFO] 127.0.0.1 - - [08/Aug/2026 12:50:42] "GET / HTTP/1.1" 200 -
2026-08-08 12:50:42,189 [INFO] 127.0.0.1 - - [08/Aug/2026 12:50:42] "[36mGET /static/css/style.css HTTP/1.1[0m" 304 -
2026-08-08 12:50:42,192 [INFO] 127.0.0.1 - - [08/Aug/2026 12:50:42] "[36mGET /static/js/main.js HTTP/1.1[0m" 304 -
2026-08-08 12:50:42,193 [INFO] 127.0.0.1 - - [08/Aug/2026 12:50:42] "[33mGET /static/profile.jpg HTTP/1.1[0m" 404 -
2026-08-08 12:50:46,445 [INFO] 127.0.0.1 - - [08/Aug/2026 12:50:46] "[33mGET /download/resume HTTP/1.1[0m" 404 -
2026-08-08 12:53:38,579 [INFO] 127.0.0.1 - - [08/Aug/2026 12:53:38] "GET / HTTP/1.1" 200 -
2026-08-08 12:53:38,589 [INFO] 127.0.0.1 - - [08/Aug/2026 12:53:38] "[36mGET /static/css/style.css HTTP/1.1[0m" 304 -
2026-08-08 12:53:38,593 [INFO] 127.0.0.1 - - [08/Aug/2026 12:53:38] "[33mGET /static/profile.jpg HTTP/1.1[0m" 404 -
2026-08-08 12:53:38,595 [INFO] 127.0.0.1 - - [08/Aug/2026 12:53:38] "[36mGET /static/js/main.js HTTP/1.1[0m" 304 -
2026-08-08 12:53:40,121 [INFO] 127.0.0.1 - - [08/Aug/2026 12:53:40] "[33mGET /download/resume HTTP/1.1[0m" 404 -
2026-08-08 12:53:55,110 [WARNING] SECRET_KEY not set in environment. Auto-generated for local testing. In production, set a strong SECRET_KEY env var!
2026-08-08 12:53:56,396 [INFO] [31m[1mWARNING: This is a development server. Do not use it in a production deployment. Use a production WSGI server instead.[0m
 * Running on all addresses (0.0.0.0)
 * Running on http://127.0.0.1:5000
 * Running on http://10.242.62.42:5000
2026-08-08 12:53:56,396 [INFO] [33mPress CTRL+C to quit[0m
2026-08-08 12:54:00,094 [INFO] 127.0.0.1 - - [08/Aug/2026 12:54:00] "GET / HTTP/1.1" 200 -
2026-08-08 12:54:00,177 [INFO] 127.0.0.1 - - [08/Aug/2026 12:54:00] "[33mGET /static/profile.jpg HTTP/1.1[0m" 404 -
2026-08-08 12:54:00,237 [INFO] 127.0.0.1 - - [08/Aug/2026 12:54:00] "[36mGET /static/css/style.css HTTP/1.1[0m" 304 -
2026-08-08 12:54:00,249 [INFO] 127.0.0.1 - - [08/Aug/2026 12:54:00] "[36mGET /static/js/main.js HTTP/1.1[0m" 304 -
2026-08-08 12:54:04,426 [INFO] 127.0.0.1 - - [08/Aug/2026 12:54:04] "[33mGET /uploads/resume.pdf HTTP/1.1[0m" 404 -
2026-08-08 12:55:08,778 [INFO] 127.0.0.1 - - [08/Aug/2026 12:55:08] "GET / HTTP/1.1" 200 -
2026-08-08 12:55:08,798 [INFO] 127.0.0.1 - - [08/Aug/2026 12:55:08] "GET /static/css/style.css HTTP/1.1" 200 -
2026-08-08 12:55:08,800 [INFO] 127.0.0.1 - - [08/Aug/2026 12:55:08] "[33mGET /static/profile.jpg HTTP/1.1[0m" 404 -
2026-08-08 12:55:08,801 [INFO] 127.0.0.1 - - [08/Aug/2026 12:55:08] "GET /static/js/main.js HTTP/1.1" 200 -
2026-08-08 12:55:09,403 [INFO] 127.0.0.1 - - [08/Aug/2026 12:55:09] "[33mGET /favicon.ico HTTP/1.1[0m" 404 -
2026-08-08 12:55:12,722 [INFO] 127.0.0.1 - - [08/Aug/2026 12:55:12] "[33mGET /uploads/resume.pdf HTTP/1.1[0m" 404 -
2026-08-08 12:55:20,154 [INFO] 127.0.0.1 - - [08/Aug/2026 12:55:20] "[33mGET /uploads/resume.pdf HTTP/1.1[0m" 404 -
2026-08-08 13:03:48,332 [WARNING] SECRET_KEY not set in environment. Auto-generated for local testing. In production, set a strong SECRET_KEY env var!
2026-08-08 13:03:49,615 [INFO] [31m[1mWARNING: This is a development server. Do not use it in a production deployment. Use a production WSGI server instead.[0m
 * Running on all addresses (0.0.0.0)
 * Running on http://127.0.0.1:5000
 * Running on http://10.242.62.42:5000
2026-08-08 13:03:49,615 [INFO] [33mPress CTRL+C to quit[0m
2026-08-08 13:04:06,986 [INFO] 127.0.0.1 - - [08/Aug/2026 13:04:06] "GET / HTTP/1.1" 200 -
2026-08-08 13:04:07,010 [INFO] 127.0.0.1 - - [08/Aug/2026 13:04:07] "[33mGET /static/profile.jpg HTTP/1.1[0m" 404 -
2026-08-08 13:04:07,088 [INFO] 127.0.0.1 - - [08/Aug/2026 13:04:07] "[36mGET /static/js/main.js HTTP/1.1[0m" 304 -
2026-08-08 13:04:07,089 [INFO] 127.0.0.1 - - [08/Aug/2026 13:04:07] "GET /static/css/style.css HTTP/1.1" 200 -
2026-08-08 13:04:07,163 [INFO] 127.0.0.1 - - [08/Aug/2026 13:04:07] "[33mGET /favicon.ico HTTP/1.1[0m" 404 -
2026-08-08 13:04:54,272 [INFO] 127.0.0.1 - - [08/Aug/2026 13:04:54] "GET /internship HTTP/1.1" 200 -
2026-08-08 13:04:54,284 [INFO] 127.0.0.1 - - [08/Aug/2026 13:04:54] "[36mGET /static/css/style.css HTTP/1.1[0m" 304 -
2026-08-08 13:04:54,285 [INFO] 127.0.0.1 - - [08/Aug/2026 13:04:54] "[33mGET /static/profile.jpg HTTP/1.1[0m" 404 -
2026-08-08 13:04:54,287 [INFO] 127.0.0.1 - - [08/Aug/2026 13:04:54] "[36mGET /static/js/main.js HTTP/1.1[0m" 304 -
2026-08-08 13:05:03,206 [INFO] 127.0.0.1 - - [08/Aug/2026 13:05:03] "[33mGET /static/uploads/Manoj_M.pdf HTTP/1.1[0m" 404 -
2026-08-08 13:05:05,686 [INFO] 127.0.0.1 - - [08/Aug/2026 13:05:05] "GET / HTTP/1.1" 200 -
2026-08-08 13:05:05,696 [INFO] 127.0.0.1 - - [08/Aug/2026 13:05:05] "[36mGET /static/css/style.css HTTP/1.1[0m" 304 -
2026-08-08 13:05:05,698 [INFO] 127.0.0.1 - - [08/Aug/2026 13:05:05] "[33mGET /static/profile.jpg HTTP/1.1[0m" 404 -
2026-08-08 13:05:05,701 [INFO] 127.0.0.1 - - [08/Aug/2026 13:05:05] "[36mGET /static/js/main.js HTTP/1.1[0m" 304 -
2026-08-08 13:05:08,629 [INFO] 127.0.0.1 - - [08/Aug/2026 13:05:08] "GET /internship HTTP/1.1" 200 -
2026-08-08 13:05:08,639 [INFO] 127.0.0.1 - - [08/Aug/2026 13:05:08] "[36mGET /static/css/style.css HTTP/1.1[0m" 304 -
2026-08-08 13:05:08,641 [INFO] 127.0.0.1 - - [08/Aug/2026 13:05:08] "[36mGET /static/js/main.js HTTP/1.1[0m" 304 -
2026-08-08 13:05:08,642 [INFO] 127.0.0.1 - - [08/Aug/2026 13:05:08] "[33mGET /static/profile.jpg HTTP/1.1[0m" 404 -
2026-08-08 13:05:33,439 [INFO] 127.0.0.1 - - [08/Aug/2026 13:05:33] "[33mGET /login HTTP/1.1[0m" 404 -
2026-08-08 13:05:41,306 [WARNING] Unauthorized access attempt to /admin - IP: 127.0.0.1
2026-08-08 13:05:41,306 [INFO] 127.0.0.1 - - [08/Aug/2026 13:05:41] "[32mGET /admin HTTP/1.1[0m" 302 -
2026-08-08 13:05:41,311 [INFO] 127.0.0.1 - - [08/Aug/2026 13:05:41] "GET /admin/login HTTP/1.1" 200 -
2026-08-08 13:05:41,325 [INFO] 127.0.0.1 - - [08/Aug/2026 13:05:41] "[36mGET /static/css/style.css HTTP/1.1[0m" 304 -
2026-08-08 13:05:41,326 [INFO] 127.0.0.1 - - [08/Aug/2026 13:05:41] "[36mGET /static/js/main.js HTTP/1.1[0m" 304 -
2026-08-08 13:05:41,328 [INFO] 127.0.0.1 - - [08/Aug/2026 13:05:41] "[33mGET /static/profile.jpg HTTP/1.1[0m" 404 -
2026-08-08 13:06:19,918 [INFO] Login attempt from 127.0.0.1 - Email: admin@portfolio.local - Success: True
2026-08-08 13:06:19,918 [INFO] Admin login successful from 127.0.0.1
2026-08-08 13:06:19,919 [INFO] 127.0.0.1 - - [08/Aug/2026 13:06:19] "[32mPOST /admin/login HTTP/1.1[0m" 302 -
2026-08-08 13:06:19,928 [INFO] 127.0.0.1 - - [08/Aug/2026 13:06:19] "GET /admin HTTP/1.1" 200 -
2026-08-08 13:06:19,945 [INFO] 127.0.0.1 - - [08/Aug/2026 13:06:19] "[36mGET /static/css/style.css HTTP/1.1[0m" 304 -
2026-08-08 13:06:19,947 [INFO] 127.0.0.1 - - [08/Aug/2026 13:06:19] "[33mGET /static/profile.jpg HTTP/1.1[0m" 404 -
2026-08-08 13:06:19,948 [INFO] 127.0.0.1 - - [08/Aug/2026 13:06:19] "[36mGET /static/js/main.js HTTP/1.1[0m" 304 -
2026-08-08 13:12:50,393 [WARNING] SECRET_KEY not set in environment. Auto-generated for local testing. In production, set a strong SECRET_KEY env var!
2026-08-08 13:12:51,678 [INFO] [31m[1mWARNING: This is a development server. Do not use it in a production deployment. Use a production WSGI server instead.[0m
 * Running on all addresses (0.0.0.0)
 * Running on http://127.0.0.1:5000
 * Running on http://10.242.62.42:5000
2026-08-08 13:12:51,678 [INFO] [33mPress CTRL+C to quit[0m
2026-08-08 13:12:54,640 [WARNING] Unauthorized access attempt to /admin/add/project - IP: 127.0.0.1
2026-08-08 13:12:54,641 [INFO] 127.0.0.1 - - [08/Aug/2026 13:12:54] "[32mGET /admin/add/project HTTP/1.1[0m" 302 -
2026-08-08 13:12:54,654 [INFO] 127.0.0.1 - - [08/Aug/2026 13:12:54] "GET /admin/login HTTP/1.1" 200 -
2026-08-08 13:12:54,670 [INFO] 127.0.0.1 - - [08/Aug/2026 13:12:54] "[33mGET /static/profile.jpg HTTP/1.1[0m" 404 -
2026-08-08 13:12:54,742 [INFO] 127.0.0.1 - - [08/Aug/2026 13:12:54] "[36mGET /static/css/style.css HTTP/1.1[0m" 304 -
2026-08-08 13:12:54,743 [INFO] 127.0.0.1 - - [08/Aug/2026 13:12:54] "[36mGET /static/js/main.js HTTP/1.1[0m" 304 -
2026-08-08 13:13:32,921 [INFO] Login attempt from 127.0.0.1 - Email: admin@portfolio.local - Success: True
2026-08-08 13:13:32,922 [INFO] Admin login successful from 127.0.0.1
2026-08-08 13:13:32,922 [INFO] 127.0.0.1 - - [08/Aug/2026 13:13:32] "[32mPOST /admin/login HTTP/1.1[0m" 302 -
2026-08-08 13:13:32,932 [INFO] 127.0.0.1 - - [08/Aug/2026 13:13:32] "GET /admin HTTP/1.1" 200 -
2026-08-08 13:13:32,948 [INFO] 127.0.0.1 - - [08/Aug/2026 13:13:32] "[36mGET /static/css/style.css HTTP/1.1[0m" 304 -
2026-08-08 13:13:32,950 [INFO] 127.0.0.1 - - [08/Aug/2026 13:13:32] "[33mGET /static/profile.jpg HTTP/1.1[0m" 404 -
2026-08-08 13:13:32,950 [INFO] 127.0.0.1 - - [08/Aug/2026 13:13:32] "[36mGET /static/js/main.js HTTP/1.1[0m" 304 -
2026-08-08 13:13:39,653 [INFO] 127.0.0.1 - - [08/Aug/2026 13:13:39] "GET /admin/add/certificate HTTP/1.1" 200 -
2026-08-08 13:13:39,665 [INFO] 127.0.0.1 - - [08/Aug/2026 13:13:39] "[36mGET /static/css/style.css HTTP/1.1[0m" 304 -
2026-08-08 13:13:39,665 [INFO] 127.0.0.1 - - [08/Aug/2026 13:13:39] "[33mGET /static/profile.jpg HTTP/1.1[0m" 404 -
2026-08-08 13:13:39,673 [INFO] 127.0.0.1 - - [08/Aug/2026 13:13:39] "[36mGET /static/js/main.js HTTP/1.1[0m" 304 -
2026-08-09 06:09:47,280 [WARNING] SECRET_KEY not set in environment. Auto-generated for local testing. In production, set a strong SECRET_KEY env var!
2026-08-09 06:09:48,786 [INFO] [31m[1mWARNING: This is a development server. Do not use it in a production deployment. Use a production WSGI server instead.[0m
 * Running on all addresses (0.0.0.0)
 * Running on http://127.0.0.1:5000
 * Running on http://10.242.62.42:5000
2026-08-09 06:09:48,786 [INFO] [33mPress CTRL+C to quit[0m
2026-08-09 06:10:20,632 [INFO] 127.0.0.1 - - [09/Aug/2026 06:10:20] "GET / HTTP/1.1" 200 -
2026-08-09 06:10:20,692 [INFO] 127.0.0.1 - - [09/Aug/2026 06:10:20] "[33mGET /static/profile.jpg HTTP/1.1[0m" 404 -
2026-08-09 06:10:20,832 [INFO] 127.0.0.1 - - [09/Aug/2026 06:10:20] "[36mGET /static/js/main.js HTTP/1.1[0m" 304 -
2026-08-09 06:10:20,836 [INFO] 127.0.0.1 - - [09/Aug/2026 06:10:20] "[36mGET /static/css/style.css HTTP/1.1[0m" 304 -
2026-08-09 06:10:20,950 [INFO] 127.0.0.1 - - [09/Aug/2026 06:10:20] "[33mGET /favicon.ico HTTP/1.1[0m" 404 -
2026-08-09 06:10:41,534 [INFO] 127.0.0.1 - - [09/Aug/2026 06:10:41] "GET /internship HTTP/1.1" 200 -
2026-08-09 06:10:41,552 [INFO] 127.0.0.1 - - [09/Aug/2026 06:10:41] "[36mGET /static/css/style.css HTTP/1.1[0m" 304 -
2026-08-09 06:10:41,558 [INFO] 127.0.0.1 - - [09/Aug/2026 06:10:41] "[36mGET /static/js/main.js HTTP/1.1[0m" 304 -
2026-08-09 06:10:41,565 [INFO] 127.0.0.1 - - [09/Aug/2026 06:10:41] "[33mGET /static/profile.jpg HTTP/1.1[0m" 404 -
2026-08-09 06:10:52,227 [INFO] 127.0.0.1 - - [09/Aug/2026 06:10:52] "GET / HTTP/1.1" 200 -
2026-08-09 06:10:52,252 [INFO] 127.0.0.1 - - [09/Aug/2026 06:10:52] "[36mGET /static/css/style.css HTTP/1.1[0m" 304 -
2026-08-09 06:10:52,264 [INFO] 127.0.0.1 - - [09/Aug/2026 06:10:52] "[33mGET /static/profile.jpg HTTP/1.1[0m" 404 -
2026-08-09 06:10:52,269 [INFO] 127.0.0.1 - - [09/Aug/2026 06:10:52] "[36mGET /static/js/main.js HTTP/1.1[0m" 304 -
2026-08-09 06:11:34,257 [INFO] 127.0.0.1 - - [09/Aug/2026 06:11:34] "[33mGET /<a%20href%20=indes.html>hello</a> HTTP/1.1[0m" 404 -
2026-08-09 06:11:47,513 [WARNING] Unauthorized access attempt to /admin - IP: 127.0.0.1
2026-08-09 06:11:47,514 [INFO] 127.0.0.1 - - [09/Aug/2026 06:11:47] "[32mGET /admin HTTP/1.1[0m" 302 -
2026-08-09 06:11:47,561 [INFO] 127.0.0.1 - - [09/Aug/2026 06:11:47] "GET /admin/login HTTP/1.1" 200 -
2026-08-09 06:11:47,588 [INFO] 127.0.0.1 - - [09/Aug/2026 06:11:47] "[36mGET /static/css/style.css HTTP/1.1[0m" 304 -
2026-08-09 06:11:47,630 [INFO] 127.0.0.1 - - [09/Aug/2026 06:11:47] "[36mGET /static/js/main.js HTTP/1.1[0m" 304 -
2026-08-09 06:11:47,633 [INFO] 127.0.0.1 - - [09/Aug/2026 06:11:47] "[33mGET /static/profile.jpg HTTP/1.1[0m" 404 -
2026-08-09 06:12:02,381 [INFO] Login attempt from 127.0.0.1 - Email: admin@portfolio.local - Success: True
2026-08-09 06:12:02,382 [INFO] Admin login successful from 127.0.0.1
2026-08-09 06:12:02,383 [INFO] 127.0.0.1 - - [09/Aug/2026 06:12:02] "[32mPOST /admin/login HTTP/1.1[0m" 302 -
2026-08-09 06:12:02,404 [INFO] 127.0.0.1 - - [09/Aug/2026 06:12:02] "GET /admin HTTP/1.1" 200 -
2026-08-09 06:12:02,432 [INFO] 127.0.0.1 - - [09/Aug/2026 06:12:02] "[36mGET /static/css/style.css HTTP/1.1[0m" 304 -
2026-08-09 06:12:02,435 [INFO] 127.0.0.1 - - [09/Aug/2026 06:12:02] "[33mGET /static/profile.jpg HTTP/1.1[0m" 404 -
2026-08-09 06:12:02,436 [INFO] 127.0.0.1 - - [09/Aug/2026 06:12:02] "[36mGET /static/js/main.js HTTP/1.1[0m" 304 -
2026-08-09 06:12:20,311 [INFO] 127.0.0.1 - - [09/Aug/2026 06:12:20] "GET /admin/add/project HTTP/1.1" 200 -
2026-08-09 06:12:20,342 [INFO] 127.0.0.1 - - [09/Aug/2026 06:12:20] "[36mGET /static/css/style.css HTTP/1.1[0m" 304 -
2026-08-09 06:12:20,347 [INFO] 127.0.0.1 - - [09/Aug/2026 06:12:20] "[33mGET /static/profile.jpg HTTP/1.1[0m" 404 -
2026-08-09 06:12:20,370 [INFO] 127.0.0.1 - - [09/Aug/2026 06:12:20] "[36mGET /static/js/main.js HTTP/1.1[0m" 304 -
2026-08-09 06:13:57,154 [INFO] Item uploaded: Voice Recognition Assistant by admin from 127.0.0.1
2026-08-09 06:13:57,157 [INFO] 127.0.0.1 - - [09/Aug/2026 06:13:57] "[32mPOST /admin/add/project HTTP/1.1[0m" 302 -
2026-08-09 06:13:57,168 [INFO] 127.0.0.1 - - [09/Aug/2026 06:13:57] "GET /admin HTTP/1.1" 200 -
2026-08-09 06:13:57,195 [INFO] 127.0.0.1 - - [09/Aug/2026 06:13:57] "[36mGET /static/css/style.css HTTP/1.1[0m" 304 -
2026-08-09 06:13:57,198 [INFO] 127.0.0.1 - - [09/Aug/2026 06:13:57] "[33mGET /static/profile.jpg HTTP/1.1[0m" 404 -
2026-08-09 06:13:57,200 [INFO] 127.0.0.1 - - [09/Aug/2026 06:13:57] "[36mGET /static/js/main.js HTTP/1.1[0m" 304 -
2026-08-09 06:13:57,255 [INFO] 127.0.0.1 - - [09/Aug/2026 06:13:57] "GET /static/uploads/6ff37e05066f5cee_20260809.png HTTP/1.1" 200 -
2026-08-09 06:14:14,992 [INFO] 127.0.0.1 - - [09/Aug/2026 06:14:14] "GET /admin/add/project HTTP/1.1" 200 -
2026-08-09 06:14:15,025 [INFO] 127.0.0.1 - - [09/Aug/2026 06:14:15] "[36mGET /static/css/style.css HTTP/1.1[0m" 304 -
2026-08-09 06:14:15,028 [INFO] 127.0.0.1 - - [09/Aug/2026 06:14:15] "[33mGET /static/profile.jpg HTTP/1.1[0m" 404 -
2026-08-09 06:14:15,045 [INFO] 127.0.0.1 - - [09/Aug/2026 06:14:15] "[36mGET /static/js/main.js HTTP/1.1[0m" 304 -
2026-08-09 06:15:01,252 [INFO] Item uploaded: Ciphered Communication and Safeguarding Information by admin from 127.0.0.1
2026-08-09 06:15:01,254 [INFO] 127.0.0.1 - - [09/Aug/2026 06:15:01] "[32mPOST /admin/add/project HTTP/1.1[0m" 302 -
2026-08-09 06:15:01,267 [INFO] 127.0.0.1 - - [09/Aug/2026 06:15:01] "GET /admin HTTP/1.1" 200 -
2026-08-09 06:15:01,289 [INFO] 127.0.0.1 - - [09/Aug/2026 06:15:01] "[36mGET /static/css/style.css HTTP/1.1[0m" 304 -
2026-08-09 06:15:01,295 [INFO] 127.0.0.1 - - [09/Aug/2026 06:15:01] "[33mGET /static/profile.jpg HTTP/1.1[0m" 404 -
2026-08-09 06:15:01,296 [INFO] 127.0.0.1 - - [09/Aug/2026 06:15:01] "[36mGET /static/js/main.js HTTP/1.1[0m" 304 -
2026-08-09 06:15:01,298 [INFO] 127.0.0.1 - - [09/Aug/2026 06:15:01] "[36mGET /static/uploads/6ff37e05066f5cee_20260809.png HTTP/1.1[0m" 304 -
2026-08-09 06:15:01,338 [INFO] 127.0.0.1 - - [09/Aug/2026 06:15:01] "GET /static/uploads/f1a30021c45398c9_20260809.png HTTP/1.1" 200 -
2026-08-09 06:15:17,415 [INFO] 127.0.0.1 - - [09/Aug/2026 06:15:17] "GET /admin/add/project HTTP/1.1" 200 -
2026-08-09 06:15:17,444 [INFO] 127.0.0.1 - - [09/Aug/2026 06:15:17] "[36mGET /static/css/style.css HTTP/1.1[0m" 304 -
2026-08-09 06:15:17,454 [INFO] 127.0.0.1 - - [09/Aug/2026 06:15:17] "[33mGET /static/profile.jpg HTTP/1.1[0m" 404 -
2026-08-09 06:15:17,462 [INFO] 127.0.0.1 - - [09/Aug/2026 06:15:17] "[36mGET /static/js/main.js HTTP/1.1[0m" 304 -
2026-08-09 06:15:37,294 [INFO] Item uploaded: Universal Log Collector by admin from 127.0.0.1
2026-08-09 06:15:37,296 [INFO] 127.0.0.1 - - [09/Aug/2026 06:15:37] "[32mPOST /admin/add/project HTTP/1.1[0m" 302 -
2026-08-09 06:15:37,306 [INFO] 127.0.0.1 - - [09/Aug/2026 06:15:37] "GET /admin HTTP/1.1" 200 -
2026-08-09 06:15:37,343 [INFO] 127.0.0.1 - - [09/Aug/2026 06:15:37] "[36mGET /static/css/style.css HTTP/1.1[0m" 304 -
2026-08-09 06:15:37,357 [INFO] 127.0.0.1 - - [09/Aug/2026 06:15:37] "[33mGET /static/profile.jpg HTTP/1.1[0m" 404 -
2026-08-09 06:15:37,361 [INFO] 127.0.0.1 - - [09/Aug/2026 06:15:37] "[36mGET /static/uploads/f1a30021c45398c9_20260809.png HTTP/1.1[0m" 304 -
2026-08-09 06:15:37,375 [INFO] 127.0.0.1 - - [09/Aug/2026 06:15:37] "[36mGET /static/uploads/6ff37e05066f5cee_20260809.png HTTP/1.1[0m" 304 -
2026-08-09 06:15:37,378 [INFO] 127.0.0.1 - - [09/Aug/2026 06:15:37] "[36mGET /static/js/main.js HTTP/1.1[0m" 304 -
2026-08-09 06:15:37,448 [INFO] 127.0.0.1 - - [09/Aug/2026 06:15:37] "GET /static/uploads/00f6e467cf19cf95_20260809.png HTTP/1.1" 200 -
2026-08-09 06:16:01,890 [INFO] 127.0.0.1 - - [09/Aug/2026 06:16:01] "GET /admin/add/achievement HTTP/1.1" 200 -
2026-08-09 06:16:01,925 [INFO] 127.0.0.1 - - [09/Aug/2026 06:16:01] "[36mGET /static/css/style.css HTTP/1.1[0m" 304 -
2026-08-09 06:16:01,930 [INFO] 127.0.0.1 - - [09/Aug/2026 06:16:01] "[33mGET /static/profile.jpg HTTP/1.1[0m" 404 -
2026-08-09 06:16:01,952 [INFO] 127.0.0.1 - - [09/Aug/2026 06:16:01] "[36mGET /static/js/main.js HTTP/1.1[0m" 304 -
2026-08-09 06:16:23,597 [INFO] Item uploaded: Certified Information Systems Security Professional (CISSP) by admin from 127.0.0.1
2026-08-09 06:16:23,600 [INFO] 127.0.0.1 - - [09/Aug/2026 06:16:23] "[32mPOST /admin/add/achievement HTTP/1.1[0m" 302 -
2026-08-09 06:16:23,610 [INFO] 127.0.0.1 - - [09/Aug/2026 06:16:23] "GET /admin HTTP/1.1" 200 -
2026-08-09 06:16:23,633 [INFO] 127.0.0.1 - - [09/Aug/2026 06:16:23] "[36mGET /static/css/style.css HTTP/1.1[0m" 304 -
2026-08-09 06:16:23,637 [INFO] 127.0.0.1 - - [09/Aug/2026 06:16:23] "[33mGET /static/profile.jpg HTTP/1.1[0m" 404 -
2026-08-09 06:16:23,644 [INFO] 127.0.0.1 - - [09/Aug/2026 06:16:23] "[36mGET /static/uploads/00f6e467cf19cf95_20260809.png HTTP/1.1[0m" 304 -
2026-08-09 06:16:23,647 [INFO] 127.0.0.1 - - [09/Aug/2026 06:16:23] "[36mGET /static/uploads/f1a30021c45398c9_20260809.png HTTP/1.1[0m" 304 -
2026-08-09 06:16:23,653 [INFO] 127.0.0.1 - - [09/Aug/2026 06:16:23] "[36mGET /static/uploads/6ff37e05066f5cee_20260809.png HTTP/1.1[0m" 304 -
2026-08-09 06:16:23,661 [INFO] 127.0.0.1 - - [09/Aug/2026 06:16:23] "[36mGET /static/js/main.js HTTP/1.1[0m" 304 -
2026-08-09 06:16:23,690 [INFO] 127.0.0.1 - - [09/Aug/2026 06:16:23] "GET /static/uploads/50f38a42093157c8_20260809.png HTTP/1.1" 200 -
2026-08-09 06:16:36,448 [INFO] 127.0.0.1 - - [09/Aug/2026 06:16:36] "GET /admin/add/certificate HTTP/1.1" 200 -
2026-08-09 06:16:36,495 [INFO] 127.0.0.1 - - [09/Aug/2026 06:16:36] "[36mGET /static/css/style.css HTTP/1.1[0m" 304 -
2026-08-09 06:16:36,496 [INFO] 127.0.0.1 - - [09/Aug/2026 06:16:36] "[33mGET /static/profile.jpg HTTP/1.1[0m" 404 -
2026-08-09 06:16:36,513 [INFO] 127.0.0.1 - - [09/Aug/2026 06:16:36] "[36mGET /static/js/main.js HTTP/1.1[0m" 304 -
2026-08-09 06:18:05,776 [INFO] Item uploaded: ISC2 Pre-Assessment Certificate by admin from 127.0.0.1
2026-08-09 06:18:05,778 [INFO] 127.0.0.1 - - [09/Aug/2026 06:18:05] "[32mPOST /admin/add/certificate HTTP/1.1[0m" 302 -
2026-08-09 06:18:05,789 [INFO] 127.0.0.1 - - [09/Aug/2026 06:18:05] "GET /admin HTTP/1.1" 200 -
2026-08-09 06:18:05,819 [INFO] 127.0.0.1 - - [09/Aug/2026 06:18:05] "[36mGET /static/css/style.css HTTP/1.1[0m" 304 -
2026-08-09 06:18:05,822 [INFO] 127.0.0.1 - - [09/Aug/2026 06:18:05] "[33mGET /static/profile.jpg HTTP/1.1[0m" 404 -
2026-08-09 06:18:05,834 [INFO] 127.0.0.1 - - [09/Aug/2026 06:18:05] "[36mGET /static/uploads/50f38a42093157c8_20260809.png HTTP/1.1[0m" 304 -
2026-08-09 06:18:05,835 [INFO] 127.0.0.1 - - [09/Aug/2026 06:18:05] "[36mGET /static/js/main.js HTTP/1.1[0m" 304 -
2026-08-09 06:18:05,844 [INFO] 127.0.0.1 - - [09/Aug/2026 06:18:05] "[36mGET /static/uploads/00f6e467cf19cf95_20260809.png HTTP/1.1[0m" 304 -
2026-08-09 06:18:05,853 [INFO] 127.0.0.1 - - [09/Aug/2026 06:18:05] "[36mGET /static/uploads/f1a30021c45398c9_20260809.png HTTP/1.1[0m" 304 -
2026-08-09 06:18:05,859 [INFO] 127.0.0.1 - - [09/Aug/2026 06:18:05] "[36mGET /static/uploads/6ff37e05066f5cee_20260809.png HTTP/1.1[0m" 304 -
2026-08-09 06:18:05,887 [INFO] 127.0.0.1 - - [09/Aug/2026 06:18:05] "GET /static/uploads/1bafb088ed2dfba8_20260809.png HTTP/1.1" 200 -
2026-08-09 06:18:16,887 [INFO] 127.0.0.1 - - [09/Aug/2026 06:18:16] "GET /admin/add/certificate HTTP/1.1" 200 -
2026-08-09 06:18:16,912 [INFO] 127.0.0.1 - - [09/Aug/2026 06:18:16] "[36mGET /static/css/style.css HTTP/1.1[0m" 304 -
2026-08-09 06:18:16,921 [INFO] 127.0.0.1 - - [09/Aug/2026 06:18:16] "[33mGET /static/profile.jpg HTTP/1.1[0m" 404 -
2026-08-09 06:18:16,938 [INFO] 127.0.0.1 - - [09/Aug/2026 06:18:16] "[36mGET /static/js/main.js HTTP/1.1[0m" 304 -
2026-08-09 06:18:46,463 [INFO] Item uploaded: ISC2 Domain 2 Certificate by admin from 127.0.0.1
2026-08-09 06:18:46,465 [INFO] 127.0.0.1 - - [09/Aug/2026 06:18:46] "[32mPOST /admin/add/certificate HTTP/1.1[0m" 302 -
2026-08-09 06:18:46,478 [INFO] 127.0.0.1 - - [09/Aug/2026 06:18:46] "GET /admin HTTP/1.1" 200 -
2026-08-09 06:18:46,504 [INFO] 127.0.0.1 - - [09/Aug/2026 06:18:46] "[36mGET /static/css/style.css HTTP/1.1[0m" 304 -
2026-08-09 06:18:46,511 [INFO] 127.0.0.1 - - [09/Aug/2026 06:18:46] "[33mGET /static/profile.jpg HTTP/1.1[0m" 404 -
2026-08-09 06:18:46,515 [INFO] 127.0.0.1 - - [09/Aug/2026 06:18:46] "[36mGET /static/uploads/1bafb088ed2dfba8_20260809.png HTTP/1.1[0m" 304 -
2026-08-09 06:18:46,531 [INFO] 127.0.0.1 - - [09/Aug/2026 06:18:46] "[36mGET /static/uploads/00f6e467cf19cf95_20260809.png HTTP/1.1[0m" 304 -
2026-08-09 06:18:46,532 [INFO] 127.0.0.1 - - [09/Aug/2026 06:18:46] "[36mGET /static/uploads/f1a30021c45398c9_20260809.png HTTP/1.1[0m" 304 -
2026-08-09 06:18:46,542 [INFO] 127.0.0.1 - - [09/Aug/2026 06:18:46] "[36mGET /static/js/main.js HTTP/1.1[0m" 304 -
2026-08-09 06:18:46,543 [INFO] 127.0.0.1 - - [09/Aug/2026 06:18:46] "[36mGET /static/uploads/6ff37e05066f5cee_20260809.png HTTP/1.1[0m" 304 -
2026-08-09 06:18:46,553 [INFO] 127.0.0.1 - - [09/Aug/2026 06:18:46] "[36mGET /static/uploads/50f38a42093157c8_20260809.png HTTP/1.1[0m" 304 -
2026-08-09 06:18:46,576 [INFO] 127.0.0.1 - - [09/Aug/2026 06:18:46] "GET /static/uploads/19b43d9302537130_20260809.png HTTP/1.1" 200 -
2026-08-09 06:18:56,371 [INFO] 127.0.0.1 - - [09/Aug/2026 06:18:56] "GET /admin/add/certificate HTTP/1.1" 200 -
2026-08-09 06:18:56,401 [INFO] 127.0.0.1 - - [09/Aug/2026 06:18:56] "[36mGET /static/css/style.css HTTP/1.1[0m" 304 -
2026-08-09 06:18:56,408 [INFO] 127.0.0.1 - - [09/Aug/2026 06:18:56] "[33mGET /static/profile.jpg HTTP/1.1[0m" 404 -
2026-08-09 06:18:56,425 [INFO] 127.0.0.1 - - [09/Aug/2026 06:18:56] "[36mGET /static/js/main.js HTTP/1.1[0m" 304 -
2026-08-09 06:19:11,226 [INFO] Item uploaded: ISC2 Domain 3 Certificate by admin from 127.0.0.1
2026-08-09 06:19:11,228 [INFO] 127.0.0.1 - - [09/Aug/2026 06:19:11] "[32mPOST /admin/add/certificate HTTP/1.1[0m" 302 -
2026-08-09 06:19:11,238 [INFO] 127.0.0.1 - - [09/Aug/2026 06:19:11] "GET /admin HTTP/1.1" 200 -
2026-08-09 06:19:11,269 [INFO] 127.0.0.1 - - [09/Aug/2026 06:19:11] "[33mGET /static/profile.jpg HTTP/1.1[0m" 404 -
2026-08-09 06:19:11,279 [INFO] 127.0.0.1 - - [09/Aug/2026 06:19:11] "[36mGET /static/uploads/19b43d9302537130_20260809.png HTTP/1.1[0m" 304 -
2026-08-09 06:19:11,280 [INFO] 127.0.0.1 - - [09/Aug/2026 06:19:11] "[36mGET /static/css/style.css HTTP/1.1[0m" 304 -
2026-08-09 06:19:11,282 [INFO] 127.0.0.1 - - [09/Aug/2026 06:19:11] "[36mGET /static/uploads/1bafb088ed2dfba8_20260809.png HTTP/1.1[0m" 304 -
2026-08-09 06:19:11,287 [INFO] 127.0.0.1 - - [09/Aug/2026 06:19:11] "[36mGET /static/uploads/50f38a42093157c8_20260809.png HTTP/1.1[0m" 304 -
2026-08-09 06:19:11,289 [INFO] 127.0.0.1 - - [09/Aug/2026 06:19:11] "[36mGET /static/js/main.js HTTP/1.1[0m" 304 -
2026-08-09 06:19:11,306 [INFO] 127.0.0.1 - - [09/Aug/2026 06:19:11] "[36mGET /static/uploads/6ff37e05066f5cee_20260809.png HTTP/1.1[0m" 304 -
2026-08-09 06:19:11,310 [INFO] 127.0.0.1 - - [09/Aug/2026 06:19:11] "[36mGET /static/uploads/f1a30021c45398c9_20260809.png HTTP/1.1[0m" 304 -
2026-08-09 06:19:11,313 [INFO] 127.0.0.1 - - [09/Aug/2026 06:19:11] "[36mGET /static/uploads/00f6e467cf19cf95_20260809.png HTTP/1.1[0m" 304 -
2026-08-09 06:19:11,343 [INFO] 127.0.0.1 - - [09/Aug/2026 06:19:11] "GET /static/uploads/f2f52b59385aef46_20260809.png HTTP/1.1" 200 -
2026-08-09 06:19:15,982 [INFO] 127.0.0.1 - - [09/Aug/2026 06:19:15] "GET /admin/add/certificate HTTP/1.1" 200 -
2026-08-09 06:19:16,014 [INFO] 127.0.0.1 - - [09/Aug/2026 06:19:16] "[36mGET /static/css/style.css HTTP/1.1[0m" 304 -
2026-08-09 06:19:16,028 [INFO] 127.0.0.1 - - [09/Aug/2026 06:19:16] "[33mGET /static/profile.jpg HTTP/1.1[0m" 404 -
2026-08-09 06:19:16,032 [INFO] 127.0.0.1 - - [09/Aug/2026 06:19:16] "[36mGET /static/js/main.js HTTP/1.1[0m" 304 -
2026-08-09 06:20:00,322 [INFO] Item uploaded: SC2 Domain 4 Certificate by admin from 127.0.0.1
2026-08-09 06:20:00,324 [INFO] 127.0.0.1 - - [09/Aug/2026 06:20:00] "[32mPOST /admin/add/certificate HTTP/1.1[0m" 302 -
2026-08-09 06:20:00,338 [INFO] 127.0.0.1 - - [09/Aug/2026 06:20:00] "GET /admin HTTP/1.1" 200 -
2026-08-09 06:20:00,367 [INFO] 127.0.0.1 - - [09/Aug/2026 06:20:00] "[36mGET /static/css/style.css HTTP/1.1[0m" 304 -
2026-08-09 06:20:00,372 [INFO] 127.0.0.1 - - [09/Aug/2026 06:20:00] "[33mGET /static/profile.jpg HTTP/1.1[0m" 404 -
2026-08-09 06:20:00,380 [INFO] 127.0.0.1 - - [09/Aug/2026 06:20:00] "[36mGET /static/uploads/f2f52b59385aef46_20260809.png HTTP/1.1[0m" 304 -
2026-08-09 06:20:00,384 [INFO] 127.0.0.1 - - [09/Aug/2026 06:20:00] "[36mGET /static/uploads/19b43d9302537130_20260809.png HTTP/1.1[0m" 304 -
2026-08-09 06:20:00,387 [INFO] 127.0.0.1 - - [09/Aug/2026 06:20:00] "[36mGET /static/js/main.js HTTP/1.1[0m" 304 -
2026-08-09 06:20:00,402 [INFO] 127.0.0.1 - - [09/Aug/2026 06:20:00] "[36mGET /static/uploads/50f38a42093157c8_20260809.png HTTP/1.1[0m" 304 -
2026-08-09 06:20:00,402 [INFO] 127.0.0.1 - - [09/Aug/2026 06:20:00] "[36mGET /static/uploads/1bafb088ed2dfba8_20260809.png HTTP/1.1[0m" 304 -
2026-08-09 06:20:00,417 [INFO] 127.0.0.1 - - [09/Aug/2026 06:20:00] "[36mGET /static/uploads/00f6e467cf19cf95_20260809.png HTTP/1.1[0m" 304 -
2026-08-09 06:20:00,421 [INFO] 127.0.0.1 - - [09/Aug/2026 06:20:00] "[36mGET /static/uploads/f1a30021c45398c9_20260809.png HTTP/1.1[0m" 304 -
2026-08-09 06:20:00,423 [INFO] 127.0.0.1 - - [09/Aug/2026 06:20:00] "[36mGET /static/uploads/6ff37e05066f5cee_20260809.png HTTP/1.1[0m" 304 -
2026-08-09 06:20:00,457 [INFO] 127.0.0.1 - - [09/Aug/2026 06:20:00] "GET /static/uploads/1f1f1a223c74b36b_20260809.png HTTP/1.1" 200 -
2026-08-09 06:20:25,891 [INFO] 127.0.0.1 - - [09/Aug/2026 06:20:25] "GET /admin/add/certificate HTTP/1.1" 200 -
2026-08-09 06:20:25,938 [INFO] 127.0.0.1 - - [09/Aug/2026 06:20:25] "[33mGET /static/profile.jpg HTTP/1.1[0m" 404 -
2026-08-09 06:20:25,939 [INFO] 127.0.0.1 - - [09/Aug/2026 06:20:25] "[36mGET /static/css/style.css HTTP/1.1[0m" 304 -
2026-08-09 06:20:25,976 [INFO] 127.0.0.1 - - [09/Aug/2026 06:20:25] "[36mGET /static/js/main.js HTTP/1.1[0m" 304 -
2026-08-09 06:20:59,738 [INFO] Item uploaded: ISC2 Domain 5 Certificate by admin from 127.0.0.1
2026-08-09 06:20:59,740 [INFO] 127.0.0.1 - - [09/Aug/2026 06:20:59] "[32mPOST /admin/add/certificate HTTP/1.1[0m" 302 -
2026-08-09 06:20:59,753 [INFO] 127.0.0.1 - - [09/Aug/2026 06:20:59] "GET /admin HTTP/1.1" 200 -
2026-08-09 06:20:59,778 [INFO] 127.0.0.1 - - [09/Aug/2026 06:20:59] "[36mGET /static/css/style.css HTTP/1.1[0m" 304 -
2026-08-09 06:20:59,786 [INFO] 127.0.0.1 - - [09/Aug/2026 06:20:59] "[33mGET /static/profile.jpg HTTP/1.1[0m" 404 -
2026-08-09 06:20:59,792 [INFO] 127.0.0.1 - - [09/Aug/2026 06:20:59] "[36mGET /static/uploads/1f1f1a223c74b36b_20260809.png HTTP/1.1[0m" 304 -
2026-08-09 06:20:59,807 [INFO] 127.0.0.1 - - [09/Aug/2026 06:20:59] "[36mGET /static/uploads/1bafb088ed2dfba8_20260809.png HTTP/1.1[0m" 304 -
2026-08-09 06:20:59,810 [INFO] 127.0.0.1 - - [09/Aug/2026 06:20:59] "[36mGET /static/js/main.js HTTP/1.1[0m" 304 -
2026-08-09 06:20:59,811 [INFO] 127.0.0.1 - - [09/Aug/2026 06:20:59] "[36mGET /static/uploads/f2f52b59385aef46_20260809.png HTTP/1.1[0m" 304 -
2026-08-09 06:20:59,812 [INFO] 127.0.0.1 - - [09/Aug/2026 06:20:59] "[36mGET /static/uploads/19b43d9302537130_20260809.png HTTP/1.1[0m" 304 -
2026-08-09 06:20:59,832 [INFO] 127.0.0.1 - - [09/Aug/2026 06:20:59] "[36mGET /static/uploads/00f6e467cf19cf95_20260809.png HTTP/1.1[0m" 304 -
2026-08-09 06:20:59,839 [INFO] 127.0.0.1 - - [09/Aug/2026 06:20:59] "[36mGET /static/uploads/f1a30021c45398c9_20260809.png HTTP/1.1[0m" 304 -
2026-08-09 06:20:59,840 [INFO] 127.0.0.1 - - [09/Aug/2026 06:20:59] "[36mGET /static/uploads/6ff37e05066f5cee_20260809.png HTTP/1.1[0m" 304 -
2026-08-09 06:20:59,841 [INFO] 127.0.0.1 - - [09/Aug/2026 06:20:59] "[36mGET /static/uploads/50f38a42093157c8_20260809.png HTTP/1.1[0m" 304 -
2026-08-09 06:20:59,873 [INFO] 127.0.0.1 - - [09/Aug/2026 06:20:59] "GET /static/uploads/cc418aec70d76c00_20260809.png HTTP/1.1" 200 -
2026-08-09 06:21:03,166 [INFO] 127.0.0.1 - - [09/Aug/2026 06:21:03] "GET /admin/add/certificate HTTP/1.1" 200 -
2026-08-09 06:21:03,213 [INFO] 127.0.0.1 - - [09/Aug/2026 06:21:03] "[36mGET /static/css/style.css HTTP/1.1[0m" 304 -
2026-08-09 06:21:03,220 [INFO] 127.0.0.1 - - [09/Aug/2026 06:21:03] "[33mGET /static/profile.jpg HTTP/1.1[0m" 404 -
2026-08-09 06:21:03,262 [INFO] 127.0.0.1 - - [09/Aug/2026 06:21:03] "[36mGET /static/js/main.js HTTP/1.1[0m" 304 -
2026-08-09 06:21:37,554 [INFO] Item uploaded: ISC2 Course Conclusion & Final Assessment Certificate by admin from 127.0.0.1
2026-08-09 06:21:37,557 [INFO] 127.0.0.1 - - [09/Aug/2026 06:21:37] "[32mPOST /admin/add/certificate HTTP/1.1[0m" 302 -
2026-08-09 06:21:37,570 [INFO] 127.0.0.1 - - [09/Aug/2026 06:21:37] "GET /admin HTTP/1.1" 200 -
2026-08-09 06:21:37,598 [INFO] 127.0.0.1 - - [09/Aug/2026 06:21:37] "[36mGET /static/css/style.css HTTP/1.1[0m" 304 -
2026-08-09 06:21:37,606 [INFO] 127.0.0.1 - - [09/Aug/2026 06:21:37] "[33mGET /static/profile.jpg HTTP/1.1[0m" 404 -
2026-08-09 06:21:37,610 [INFO] 127.0.0.1 - - [09/Aug/2026 06:21:37] "[36mGET /static/uploads/cc418aec70d76c00_20260809.png HTTP/1.1[0m" 304 -
2026-08-09 06:21:37,616 [INFO] 127.0.0.1 - - [09/Aug/2026 06:21:37] "[36mGET /static/uploads/1f1f1a223c74b36b_20260809.png HTTP/1.1[0m" 304 -
2026-08-09 06:21:37,622 [INFO] 127.0.0.1 - - [09/Aug/2026 06:21:37] "[36mGET /static/uploads/f2f52b59385aef46_20260809.png HTTP/1.1[0m" 304 -
2026-08-09 06:21:37,629 [INFO] 127.0.0.1 - - [09/Aug/2026 06:21:37] "[36mGET /static/uploads/19b43d9302537130_20260809.png HTTP/1.1[0m" 304 -
2026-08-09 06:21:37,631 [INFO] 127.0.0.1 - - [09/Aug/2026 06:21:37] "[36mGET /static/js/main.js HTTP/1.1[0m" 304 -
2026-08-09 06:21:37,637 [INFO] 127.0.0.1 - - [09/Aug/2026 06:21:37] "[36mGET /static/uploads/00f6e467cf19cf95_20260809.png HTTP/1.1[0m" 304 -
2026-08-09 06:21:37,649 [INFO] 127.0.0.1 - - [09/Aug/2026 06:21:37] "[36mGET /static/uploads/f1a30021c45398c9_20260809.png HTTP/1.1[0m" 304 -
2026-08-09 06:21:37,652 [INFO] 127.0.0.1 - - [09/Aug/2026 06:21:37] "[36mGET /static/uploads/50f38a42093157c8_20260809.png HTTP/1.1[0m" 304 -
2026-08-09 06:21:37,656 [INFO] 127.0.0.1 - - [09/Aug/2026 06:21:37] "[36mGET /static/uploads/1bafb088ed2dfba8_20260809.png HTTP/1.1[0m" 304 -
2026-08-09 06:21:37,662 [INFO] 127.0.0.1 - - [09/Aug/2026 06:21:37] "[36mGET /static/uploads/6ff37e05066f5cee_20260809.png HTTP/1.1[0m" 304 -
2026-08-09 06:21:37,691 [INFO] 127.0.0.1 - - [09/Aug/2026 06:21:37] "GET /static/uploads/d714f47fd3575dd0_20260809.png HTTP/1.1" 200 -
2026-08-09 06:21:55,176 [INFO] 127.0.0.1 - - [09/Aug/2026 06:21:55] "GET / HTTP/1.1" 200 -
2026-08-09 06:21:55,198 [INFO] 127.0.0.1 - - [09/Aug/2026 06:21:55] "[36mGET /static/css/style.css HTTP/1.1[0m" 304 -
2026-08-09 06:21:55,211 [INFO] 127.0.0.1 - - [09/Aug/2026 06:21:55] "[33mGET /static/profile.jpg HTTP/1.1[0m" 404 -
2026-08-09 06:21:55,220 [INFO] 127.0.0.1 - - [09/Aug/2026 06:21:55] "[36mGET /static/uploads/00f6e467cf19cf95_20260809.png HTTP/1.1[0m" 304 -
2026-08-09 06:21:55,222 [INFO] 127.0.0.1 - - [09/Aug/2026 06:21:55] "[36mGET /static/uploads/f1a30021c45398c9_20260809.png HTTP/1.1[0m" 304 -
2026-08-09 06:21:55,233 [INFO] 127.0.0.1 - - [09/Aug/2026 06:21:55] "[36mGET /static/uploads/6ff37e05066f5cee_20260809.png HTTP/1.1[0m" 304 -
2026-08-09 06:21:55,244 [INFO] 127.0.0.1 - - [09/Aug/2026 06:21:55] "[36mGET /static/uploads/50f38a42093157c8_20260809.png HTTP/1.1[0m" 304 -
2026-08-09 06:21:55,246 [INFO] 127.0.0.1 - - [09/Aug/2026 06:21:55] "[36mGET /static/js/main.js HTTP/1.1[0m" 304 -
2026-08-09 06:21:55,249 [INFO] 127.0.0.1 - - [09/Aug/2026 06:21:55] "[36mGET /static/uploads/cc418aec70d76c00_20260809.png HTTP/1.1[0m" 304 -
2026-08-09 06:21:55,259 [INFO] 127.0.0.1 - - [09/Aug/2026 06:21:55] "[36mGET /static/uploads/1f1f1a223c74b36b_20260809.png HTTP/1.1[0m" 304 -
2026-08-09 06:21:55,263 [INFO] 127.0.0.1 - - [09/Aug/2026 06:21:55] "[36mGET /static/uploads/1bafb088ed2dfba8_20260809.png HTTP/1.1[0m" 304 -
2026-08-09 06:21:55,271 [INFO] 127.0.0.1 - - [09/Aug/2026 06:21:55] "[36mGET /static/uploads/f2f52b59385aef46_20260809.png HTTP/1.1[0m" 304 -
2026-08-09 06:21:55,275 [INFO] 127.0.0.1 - - [09/Aug/2026 06:21:55] "[36mGET /static/uploads/19b43d9302537130_20260809.png HTTP/1.1[0m" 304 -
2026-08-09 06:21:55,280 [INFO] 127.0.0.1 - - [09/Aug/2026 06:21:55] "[36mGET /static/uploads/d714f47fd3575dd0_20260809.png HTTP/1.1[0m" 304 -
2026-08-09 06:22:15,902 [INFO] 127.0.0.1 - - [09/Aug/2026 06:22:15] "[36mGET /static/css/style.css HTTP/1.1[0m" 304 -
2026-08-09 06:22:15,968 [INFO] 127.0.0.1 - - [09/Aug/2026 06:22:15] "[33mGET /.well-known/appspecific/com.chrome.devtools.json HTTP/1.1[0m" 404 -
2026-08-09 06:23:47,657 [INFO] 127.0.0.1 - - [09/Aug/2026 06:23:47] "GET /admin HTTP/1.1" 200 -
2026-08-09 06:23:47,686 [INFO] 127.0.0.1 - - [09/Aug/2026 06:23:47] "[36mGET /static/css/style.css HTTP/1.1[0m" 304 -
2026-08-09 06:23:47,696 [INFO] 127.0.0.1 - - [09/Aug/2026 06:23:47] "[33mGET /static/profile.jpg HTTP/1.1[0m" 404 -
2026-08-09 06:23:47,698 [INFO] 127.0.0.1 - - [09/Aug/2026 06:23:47] "[36mGET /static/js/main.js HTTP/1.1[0m" 304 -
2026-08-09 06:23:47,748 [INFO] 127.0.0.1 - - [09/Aug/2026 06:23:47] "[36mGET /static/uploads/cc418aec70d76c00_20260809.png HTTP/1.1[0m" 304 -
2026-08-09 06:23:47,751 [INFO] 127.0.0.1 - - [09/Aug/2026 06:23:47] "[36mGET /static/uploads/d714f47fd3575dd0_20260809.png HTTP/1.1[0m" 304 -
2026-08-09 06:23:47,754 [INFO] 127.0.0.1 - - [09/Aug/2026 06:23:47] "[36mGET /static/uploads/1f1f1a223c74b36b_20260809.png HTTP/1.1[0m" 304 -
2026-08-09 06:23:47,762 [INFO] 127.0.0.1 - - [09/Aug/2026 06:23:47] "[36mGET /static/uploads/f2f52b59385aef46_20260809.png HTTP/1.1[0m" 304 -
2026-08-09 06:23:47,776 [INFO] 127.0.0.1 - - [09/Aug/2026 06:23:47] "[36mGET /static/uploads/1bafb088ed2dfba8_20260809.png HTTP/1.1[0m" 304 -
2026-08-09 06:23:47,779 [INFO] 127.0.0.1 - - [09/Aug/2026 06:23:47] "[36mGET /static/uploads/19b43d9302537130_20260809.png HTTP/1.1[0m" 304 -
2026-08-09 06:23:47,780 [INFO] 127.0.0.1 - - [09/Aug/2026 06:23:47] "[36mGET /static/uploads/50f38a42093157c8_20260809.png HTTP/1.1[0m" 304 -
2026-08-09 06:23:47,795 [INFO] 127.0.0.1 - - [09/Aug/2026 06:23:47] "[36mGET /static/uploads/00f6e467cf19cf95_20260809.png HTTP/1.1[0m" 304 -
2026-08-09 06:23:47,798 [INFO] 127.0.0.1 - - [09/Aug/2026 06:23:47] "[36mGET /static/uploads/f1a30021c45398c9_20260809.png HTTP/1.1[0m" 304 -
2026-08-09 06:23:47,800 [INFO] 127.0.0.1 - - [09/Aug/2026 06:23:47] "[36mGET /static/uploads/6ff37e05066f5cee_20260809.png HTTP/1.1[0m" 304 -
2026-08-09 06:23:53,813 [INFO] 127.0.0.1 - - [09/Aug/2026 06:23:53] "GET /admin/add/certificate HTTP/1.1" 200 -
2026-08-09 06:23:53,891 [INFO] 127.0.0.1 - - [09/Aug/2026 06:23:53] "[36mGET /static/css/style.css HTTP/1.1[0m" 304 -
2026-08-09 06:23:53,896 [INFO] 127.0.0.1 - - [09/Aug/2026 06:23:53] "[33mGET /static/profile.jpg HTTP/1.1[0m" 404 -
2026-08-09 06:23:53,954 [INFO] 127.0.0.1 - - [09/Aug/2026 06:23:53] "[36mGET /static/js/main.js HTTP/1.1[0m" 304 -
2026-08-09 06:24:14,855 [INFO] Item uploaded: IOT_HACKING_INFOSYS by admin from 127.0.0.1
2026-08-09 06:24:14,857 [INFO] 127.0.0.1 - - [09/Aug/2026 06:24:14] "[32mPOST /admin/add/certificate HTTP/1.1[0m" 302 -
2026-08-09 06:24:14,869 [INFO] 127.0.0.1 - - [09/Aug/2026 06:24:14] "GET /admin HTTP/1.1" 200 -
2026-08-09 06:24:14,912 [INFO] 127.0.0.1 - - [09/Aug/2026 06:24:14] "[36mGET /static/css/style.css HTTP/1.1[0m" 304 -
2026-08-09 06:24:14,913 [INFO] 127.0.0.1 - - [09/Aug/2026 06:24:14] "[33mGET /static/profile.jpg HTTP/1.1[0m" 404 -
2026-08-09 06:24:14,917 [INFO] 127.0.0.1 - - [09/Aug/2026 06:24:14] "[36mGET /static/uploads/d714f47fd3575dd0_20260809.png HTTP/1.1[0m" 304 -
2026-08-09 06:24:14,928 [INFO] 127.0.0.1 - - [09/Aug/2026 06:24:14] "[36mGET /static/uploads/cc418aec70d76c00_20260809.png HTTP/1.1[0m" 304 -
2026-08-09 06:24:14,932 [INFO] 127.0.0.1 - - [09/Aug/2026 06:24:14] "[36mGET /static/uploads/1f1f1a223c74b36b_20260809.png HTTP/1.1[0m" 304 -
2026-08-09 06:24:14,938 [INFO] 127.0.0.1 - - [09/Aug/2026 06:24:14] "[36mGET /static/uploads/f2f52b59385aef46_20260809.png HTTP/1.1[0m" 304 -
2026-08-09 06:24:14,951 [INFO] 127.0.0.1 - - [09/Aug/2026 06:24:14] "[36mGET /static/js/main.js HTTP/1.1[0m" 304 -
2026-08-09 06:24:14,953 [INFO] 127.0.0.1 - - [09/Aug/2026 06:24:14] "[36mGET /static/uploads/1bafb088ed2dfba8_20260809.png HTTP/1.1[0m" 304 -
2026-08-09 06:24:14,955 [INFO] 127.0.0.1 - - [09/Aug/2026 06:24:14] "[36mGET /static/uploads/19b43d9302537130_20260809.png HTTP/1.1[0m" 304 -
2026-08-09 06:24:14,965 [INFO] 127.0.0.1 - - [09/Aug/2026 06:24:14] "[36mGET /static/uploads/50f38a42093157c8_20260809.png HTTP/1.1[0m" 304 -
2026-08-09 06:24:14,976 [INFO] 127.0.0.1 - - [09/Aug/2026 06:24:14] "[36mGET /static/uploads/00f6e467cf19cf95_20260809.png HTTP/1.1[0m" 304 -
2026-08-09 06:24:14,991 [INFO] 127.0.0.1 - - [09/Aug/2026 06:24:14] "[36mGET /static/uploads/f1a30021c45398c9_20260809.png HTTP/1.1[0m" 304 -
2026-08-09 06:24:14,993 [INFO] 127.0.0.1 - - [09/Aug/2026 06:24:14] "[36mGET /static/uploads/6ff37e05066f5cee_20260809.png HTTP/1.1[0m" 304 -
2026-08-09 06:24:15,013 [INFO] 127.0.0.1 - - [09/Aug/2026 06:24:15] "GET /static/uploads/2fc8983835a6680a_20260809.png HTTP/1.1" 200 -
2026-08-09 06:24:18,825 [INFO] 127.0.0.1 - - [09/Aug/2026 06:24:18] "GET /admin/add/certificate HTTP/1.1" 200 -
2026-08-09 06:24:18,850 [INFO] 127.0.0.1 - - [09/Aug/2026 06:24:18] "[36mGET /static/css/style.css HTTP/1.1[0m" 304 -
2026-08-09 06:24:18,855 [INFO] 127.0.0.1 - - [09/Aug/2026 06:24:18] "[33mGET /static/profile.jpg HTTP/1.1[0m" 404 -
2026-08-09 06:24:18,865 [INFO] 127.0.0.1 - - [09/Aug/2026 06:24:18] "[36mGET /static/js/main.js HTTP/1.1[0m" 304 -
2026-08-09 06:24:48,732 [INFO] Item uploaded: Tata Forage – Cybersecurity Analyst Job Simulation: by admin from 127.0.0.1
2026-08-09 06:24:48,737 [INFO] 127.0.0.1 - - [09/Aug/2026 06:24:48] "[32mPOST /admin/add/certificate HTTP/1.1[0m" 302 -
2026-08-09 06:24:48,750 [INFO] 127.0.0.1 - - [09/Aug/2026 06:24:48] "GET /admin HTTP/1.1" 200 -
2026-08-09 06:24:48,794 [INFO] 127.0.0.1 - - [09/Aug/2026 06:24:48] "[36mGET /static/css/style.css HTTP/1.1[0m" 304 -
2026-08-09 06:24:48,801 [INFO] 127.0.0.1 - - [09/Aug/2026 06:24:48] "[33mGET /static/profile.jpg HTTP/1.1[0m" 404 -
2026-08-09 06:24:48,806 [INFO] 127.0.0.1 - - [09/Aug/2026 06:24:48] "[36mGET /static/uploads/2fc8983835a6680a_20260809.png HTTP/1.1[0m" 304 -
2026-08-09 06:24:48,813 [INFO] 127.0.0.1 - - [09/Aug/2026 06:24:48] "[36mGET /static/uploads/d714f47fd3575dd0_20260809.png HTTP/1.1[0m" 304 -
2026-08-09 06:24:48,872 [INFO] 127.0.0.1 - - [09/Aug/2026 06:24:48] "[36mGET /static/uploads/1f1f1a223c74b36b_20260809.png HTTP/1.1[0m" 304 -
2026-08-09 06:24:48,874 [INFO] 127.0.0.1 - - [09/Aug/2026 06:24:48] "[36mGET /static/uploads/cc418aec70d76c00_20260809.png HTTP/1.1[0m" 304 -
2026-08-09 06:24:48,883 [INFO] 127.0.0.1 - - [09/Aug/2026 06:24:48] "[36mGET /static/js/main.js HTTP/1.1[0m" 304 -
2026-08-09 06:24:48,890 [INFO] 127.0.0.1 - - [09/Aug/2026 06:24:48] "[36mGET /static/uploads/f2f52b59385aef46_20260809.png HTTP/1.1[0m" 304 -
2026-08-09 06:24:48,899 [INFO] 127.0.0.1 - - [09/Aug/2026 06:24:48] "[36mGET /static/uploads/19b43d9302537130_20260809.png HTTP/1.1[0m" 304 -
2026-08-09 06:24:48,905 [INFO] 127.0.0.1 - - [09/Aug/2026 06:24:48] "[36mGET /static/uploads/1bafb088ed2dfba8_20260809.png HTTP/1.1[0m" 304 -
2026-08-09 06:24:48,914 [INFO] 127.0.0.1 - - [09/Aug/2026 06:24:48] "[36mGET /static/uploads/50f38a42093157c8_20260809.png HTTP/1.1[0m" 304 -
2026-08-09 06:24:48,921 [INFO] 127.0.0.1 - - [09/Aug/2026 06:24:48] "[36mGET /static/uploads/00f6e467cf19cf95_20260809.png HTTP/1.1[0m" 304 -
2026-08-09 06:24:48,927 [INFO] 127.0.0.1 - - [09/Aug/2026 06:24:48] "[36mGET /static/uploads/f1a30021c45398c9_20260809.png HTTP/1.1[0m" 304 -
2026-08-09 06:24:48,930 [INFO] 127.0.0.1 - - [09/Aug/2026 06:24:48] "[36mGET /static/uploads/6ff37e05066f5cee_20260809.png HTTP/1.1[0m" 304 -
2026-08-09 06:24:48,942 [INFO] 127.0.0.1 - - [09/Aug/2026 06:24:48] "GET /static/uploads/12ebbb75ce50b886_20260809.png HTTP/1.1" 200 -
2026-08-09 06:24:55,543 [INFO] 127.0.0.1 - - [09/Aug/2026 06:24:55] "GET /admin/add/certificate HTTP/1.1" 200 -
2026-08-09 06:24:55,578 [INFO] 127.0.0.1 - - [09/Aug/2026 06:24:55] "[33mGET /static/profile.jpg HTTP/1.1[0m" 404 -
2026-08-09 06:24:55,579 [INFO] 127.0.0.1 - - [09/Aug/2026 06:24:55] "[36mGET /static/css/style.css HTTP/1.1[0m" 304 -
2026-08-09 06:24:55,604 [INFO] 127.0.0.1 - - [09/Aug/2026 06:24:55] "[36mGET /static/js/main.js HTTP/1.1[0m" 304 -
2026-08-09 06:25:19,864 [INFO] Item uploaded: Cybersecurity Badge from Cisco Networking Academy: by admin from 127.0.0.1
2026-08-09 06:25:19,866 [INFO] 127.0.0.1 - - [09/Aug/2026 06:25:19] "[32mPOST /admin/add/certificate HTTP/1.1[0m" 302 -
2026-08-09 06:25:19,877 [INFO] 127.0.0.1 - - [09/Aug/2026 06:25:19] "GET /admin HTTP/1.1" 200 -
2026-08-09 06:25:19,904 [INFO] 127.0.0.1 - - [09/Aug/2026 06:25:19] "[36mGET /static/css/style.css HTTP/1.1[0m" 304 -
2026-08-09 06:25:19,914 [INFO] 127.0.0.1 - - [09/Aug/2026 06:25:19] "[33mGET /static/profile.jpg HTTP/1.1[0m" 404 -
2026-08-09 06:25:19,922 [INFO] 127.0.0.1 - - [09/Aug/2026 06:25:19] "[36mGET /static/uploads/12ebbb75ce50b886_20260809.png HTTP/1.1[0m" 304 -
2026-08-09 06:25:19,932 [INFO] 127.0.0.1 - - [09/Aug/2026 06:25:19] "[36mGET /static/uploads/d714f47fd3575dd0_20260809.png HTTP/1.1[0m" 304 -
2026-08-09 06:25:19,935 [INFO] 127.0.0.1 - - [09/Aug/2026 06:25:19] "[36mGET /static/uploads/2fc8983835a6680a_20260809.png HTTP/1.1[0m" 304 -
2026-08-09 06:25:19,940 [INFO] 127.0.0.1 - - [09/Aug/2026 06:25:19] "[36mGET /static/uploads/cc418aec70d76c00_20260809.png HTTP/1.1[0m" 304 -
2026-08-09 06:25:19,952 [INFO] 127.0.0.1 - - [09/Aug/2026 06:25:19] "[36mGET /static/uploads/1f1f1a223c74b36b_20260809.png HTTP/1.1[0m" 304 -
2026-08-09 06:25:19,966 [INFO] 127.0.0.1 - - [09/Aug/2026 06:25:19] "[36mGET /static/js/main.js HTTP/1.1[0m" 304 -
2026-08-09 06:25:19,967 [INFO] 127.0.0.1 - - [09/Aug/2026 06:25:19] "[36mGET /static/uploads/f2f52b59385aef46_20260809.png HTTP/1.1[0m" 304 -
2026-08-09 06:25:19,981 [INFO] 127.0.0.1 - - [09/Aug/2026 06:25:19] "[36mGET /static/uploads/19b43d9302537130_20260809.png HTTP/1.1[0m" 304 -
2026-08-09 06:25:19,984 [INFO] 127.0.0.1 - - [09/Aug/2026 06:25:19] "[36mGET /static/uploads/1bafb088ed2dfba8_20260809.png HTTP/1.1[0m" 304 -
2026-08-09 06:25:19,991 [INFO] 127.0.0.1 - - [09/Aug/2026 06:25:19] "[36mGET /static/uploads/50f38a42093157c8_20260809.png HTTP/1.1[0m" 304 -
2026-08-09 06:25:19,998 [INFO] 127.0.0.1 - - [09/Aug/2026 06:25:19] "[36mGET /static/uploads/f1a30021c45398c9_20260809.png HTTP/1.1[0m" 304 -
2026-08-09 06:25:20,004 [INFO] 127.0.0.1 - - [09/Aug/2026 06:25:20] "[36mGET /static/uploads/6ff37e05066f5cee_20260809.png HTTP/1.1[0m" 304 -
2026-08-09 06:25:20,005 [INFO] 127.0.0.1 - - [09/Aug/2026 06:25:20] "GET /static/uploads/d162029c3955a864_20260809.png HTTP/1.1" 200 -
2026-08-09 06:25:20,012 [INFO] 127.0.0.1 - - [09/Aug/2026 06:25:20] "[36mGET /static/uploads/00f6e467cf19cf95_20260809.png HTTP/1.1[0m" 304 -
2026-08-09 06:25:50,578 [INFO] 127.0.0.1 - - [09/Aug/2026 06:25:50] "GET /admin/add/certificate HTTP/1.1" 200 -
2026-08-09 06:25:50,602 [INFO] 127.0.0.1 - - [09/Aug/2026 06:25:50] "[36mGET /static/css/style.css HTTP/1.1[0m" 304 -
2026-08-09 06:25:50,608 [INFO] 127.0.0.1 - - [09/Aug/2026 06:25:50] "[33mGET /static/profile.jpg HTTP/1.1[0m" 404 -
2026-08-09 06:25:50,621 [INFO] 127.0.0.1 - - [09/Aug/2026 06:25:50] "[36mGET /static/js/main.js HTTP/1.1[0m" 304 -
2026-08-09 06:26:33,957 [INFO] Item uploaded: Python Basics course from Infosys by admin from 127.0.0.1
2026-08-09 06:26:33,958 [INFO] 127.0.0.1 - - [09/Aug/2026 06:26:33] "[32mPOST /admin/add/certificate HTTP/1.1[0m" 302 -
2026-08-09 06:26:33,970 [INFO] 127.0.0.1 - - [09/Aug/2026 06:26:33] "GET /admin HTTP/1.1" 200 -
2026-08-09 06:26:33,995 [INFO] 127.0.0.1 - - [09/Aug/2026 06:26:33] "[36mGET /static/css/style.css HTTP/1.1[0m" 304 -
2026-08-09 06:26:34,002 [INFO] 127.0.0.1 - - [09/Aug/2026 06:26:34] "[33mGET /static/profile.jpg HTTP/1.1[0m" 404 -
2026-08-09 06:26:34,009 [INFO] 127.0.0.1 - - [09/Aug/2026 06:26:34] "[36mGET /static/uploads/d162029c3955a864_20260809.png HTTP/1.1[0m" 304 -
2026-08-09 06:26:34,014 [INFO] 127.0.0.1 - - [09/Aug/2026 06:26:34] "[36mGET /static/uploads/12ebbb75ce50b886_20260809.png HTTP/1.1[0m" 304 -
2026-08-09 06:26:34,023 [INFO] 127.0.0.1 - - [09/Aug/2026 06:26:34] "[36mGET /static/uploads/cc418aec70d76c00_20260809.png HTTP/1.1[0m" 304 -
2026-08-09 06:26:34,026 [INFO] 127.0.0.1 - - [09/Aug/2026 06:26:34] "[36mGET /static/uploads/2fc8983835a6680a_20260809.png HTTP/1.1[0m" 304 -
2026-08-09 06:26:34,029 [INFO] 127.0.0.1 - - [09/Aug/2026 06:26:34] "[36mGET /static/uploads/d714f47fd3575dd0_20260809.png HTTP/1.1[0m" 304 -
2026-08-09 06:26:34,039 [INFO] 127.0.0.1 - - [09/Aug/2026 06:26:34] "[36mGET /static/js/main.js HTTP/1.1[0m" 304 -
2026-08-09 06:26:34,040 [INFO] 127.0.0.1 - - [09/Aug/2026 06:26:34] "[36mGET /static/uploads/1f1f1a223c74b36b_20260809.png HTTP/1.1[0m" 304 -
2026-08-09 06:26:34,050 [INFO] 127.0.0.1 - - [09/Aug/2026 06:26:34] "[36mGET /static/uploads/f2f52b59385aef46_20260809.png HTTP/1.1[0m" 304 -
2026-08-09 06:26:34,062 [INFO] 127.0.0.1 - - [09/Aug/2026 06:26:34] "[36mGET /static/uploads/19b43d9302537130_20260809.png HTTP/1.1[0m" 304 -
2026-08-09 06:26:34,081 [INFO] 127.0.0.1 - - [09/Aug/2026 06:26:34] "[36mGET /static/uploads/00f6e467cf19cf95_20260809.png HTTP/1.1[0m" 304 -
2026-08-09 06:26:34,076 [INFO] 127.0.0.1 - - [09/Aug/2026 06:26:34] "[36mGET /static/uploads/50f38a42093157c8_20260809.png HTTP/1.1[0m" 304 -
2026-08-09 06:26:34,065 [INFO] 127.0.0.1 - - [09/Aug/2026 06:26:34] "[36mGET /static/uploads/1bafb088ed2dfba8_20260809.png HTTP/1.1[0m" 304 -
2026-08-09 06:26:34,124 [INFO] 127.0.0.1 - - [09/Aug/2026 06:26:34] "GET /static/uploads/7db5ede6818ab167_20260809.png HTTP/1.1" 200 -
2026-08-09 06:26:34,128 [INFO] 127.0.0.1 - - [09/Aug/2026 06:26:34] "[36mGET /static/uploads/f1a30021c45398c9_20260809.png HTTP/1.1[0m" 304 -
2026-08-09 06:26:34,139 [INFO] 127.0.0.1 - - [09/Aug/2026 06:26:34] "[36mGET /static/uploads/6ff37e05066f5cee_20260809.png HTTP/1.1[0m" 304 -
2026-08-09 06:26:40,058 [INFO] 127.0.0.1 - - [09/Aug/2026 06:26:40] "GET /admin/add/certificate HTTP/1.1" 200 -
2026-08-09 06:26:40,095 [INFO] 127.0.0.1 - - [09/Aug/2026 06:26:40] "[36mGET /static/css/style.css HTTP/1.1[0m" 304 -
2026-08-09 06:26:40,120 [INFO] 127.0.0.1 - - [09/Aug/2026 06:26:40] "[33mGET /static/profile.jpg HTTP/1.1[0m" 404 -
2026-08-09 06:26:40,144 [INFO] 127.0.0.1 - - [09/Aug/2026 06:26:40] "[36mGET /static/js/main.js HTTP/1.1[0m" 304 -
2026-08-09 06:27:14,940 [INFO] Item uploaded: Linux Security course from Udemy: by admin from 127.0.0.1
2026-08-09 06:27:14,942 [INFO] 127.0.0.1 - - [09/Aug/2026 06:27:14] "[32mPOST /admin/add/certificate HTTP/1.1[0m" 302 -
2026-08-09 06:27:14,956 [INFO] 127.0.0.1 - - [09/Aug/2026 06:27:14] "GET /admin HTTP/1.1" 200 -
2026-08-09 06:27:14,984 [INFO] 127.0.0.1 - - [09/Aug/2026 06:27:14] "[36mGET /static/css/style.css HTTP/1.1[0m" 304 -
2026-08-09 06:27:14,990 [INFO] 127.0.0.1 - - [09/Aug/2026 06:27:14] "[33mGET /static/profile.jpg HTTP/1.1[0m" 404 -
2026-08-09 06:27:14,996 [INFO] 127.0.0.1 - - [09/Aug/2026 06:27:14] "[36mGET /static/uploads/7db5ede6818ab167_20260809.png HTTP/1.1[0m" 304 -
2026-08-09 06:27:15,004 [INFO] 127.0.0.1 - - [09/Aug/2026 06:27:15] "[36mGET /static/uploads/d162029c3955a864_20260809.png HTTP/1.1[0m" 304 -
2026-08-09 06:27:15,008 [INFO] 127.0.0.1 - - [09/Aug/2026 06:27:15] "[36mGET /static/uploads/12ebbb75ce50b886_20260809.png HTTP/1.1[0m" 304 -
2026-08-09 06:27:15,013 [INFO] 127.0.0.1 - - [09/Aug/2026 06:27:15] "[36mGET /static/uploads/2fc8983835a6680a_20260809.png HTTP/1.1[0m" 304 -
2026-08-09 06:27:15,018 [INFO] 127.0.0.1 - - [09/Aug/2026 06:27:15] "[36mGET /static/js/main.js HTTP/1.1[0m" 304 -
2026-08-09 06:27:15,019 [INFO] 127.0.0.1 - - [09/Aug/2026 06:27:15] "[36mGET /static/uploads/d714f47fd3575dd0_20260809.png HTTP/1.1[0m" 304 -
2026-08-09 06:27:15,029 [INFO] 127.0.0.1 - - [09/Aug/2026 06:27:15] "[36mGET /static/uploads/cc418aec70d76c00_20260809.png HTTP/1.1[0m" 304 -
2026-08-09 06:27:15,040 [INFO] 127.0.0.1 - - [09/Aug/2026 06:27:15] "[36mGET /static/uploads/1f1f1a223c74b36b_20260809.png HTTP/1.1[0m" 304 -
2026-08-09 06:27:15,045 [INFO] 127.0.0.1 - - [09/Aug/2026 06:27:15] "[36mGET /static/uploads/f2f52b59385aef46_20260809.png HTTP/1.1[0m" 304 -
2026-08-09 06:27:15,052 [INFO] 127.0.0.1 - - [09/Aug/2026 06:27:15] "[36mGET /static/uploads/19b43d9302537130_20260809.png HTTP/1.1[0m" 304 -
2026-08-09 06:27:15,057 [INFO] 127.0.0.1 - - [09/Aug/2026 06:27:15] "[36mGET /static/uploads/1bafb088ed2dfba8_20260809.png HTTP/1.1[0m" 304 -
2026-08-09 06:27:15,058 [INFO] 127.0.0.1 - - [09/Aug/2026 06:27:15] "[36mGET /static/uploads/50f38a42093157c8_20260809.png HTTP/1.1[0m" 304 -
2026-08-09 06:27:15,062 [INFO] 127.0.0.1 - - [09/Aug/2026 06:27:15] "[36mGET /static/uploads/00f6e467cf19cf95_20260809.png HTTP/1.1[0m" 304 -
2026-08-09 06:27:15,066 [INFO] 127.0.0.1 - - [09/Aug/2026 06:27:15] "[36mGET /static/uploads/f1a30021c45398c9_20260809.png HTTP/1.1[0m" 304 -
2026-08-09 06:27:15,081 [INFO] 127.0.0.1 - - [09/Aug/2026 06:27:15] "[36mGET /static/uploads/6ff37e05066f5cee_20260809.png HTTP/1.1[0m" 304 -
2026-08-09 06:27:15,111 [INFO] 127.0.0.1 - - [09/Aug/2026 06:27:15] "GET /static/uploads/8575e2e8d2f18ad5_20260809.png HTTP/1.1" 200 -
2026-08-09 06:27:20,536 [INFO] 127.0.0.1 - - [09/Aug/2026 06:27:20] "GET /admin/add/certificate HTTP/1.1" 200 -
2026-08-09 06:27:20,569 [INFO] 127.0.0.1 - - [09/Aug/2026 06:27:20] "[36mGET /static/css/style.css HTTP/1.1[0m" 304 -
2026-08-09 06:27:20,569 [INFO] 127.0.0.1 - - [09/Aug/2026 06:27:20] "[33mGET /static/profile.jpg HTTP/1.1[0m" 404 -
2026-08-09 06:27:20,586 [INFO] 127.0.0.1 - - [09/Aug/2026 06:27:20] "[36mGET /static/js/main.js HTTP/1.1[0m" 304 -
2026-08-09 06:27:59,688 [INFO] Item uploaded: Weaponization course from Udemy by admin from 127.0.0.1
2026-08-09 06:27:59,690 [INFO] 127.0.0.1 - - [09/Aug/2026 06:27:59] "[32mPOST /admin/add/certificate HTTP/1.1[0m" 302 -
2026-08-09 06:27:59,703 [INFO] 127.0.0.1 - - [09/Aug/2026 06:27:59] "GET /admin HTTP/1.1" 200 -
2026-08-09 06:27:59,743 [INFO] 127.0.0.1 - - [09/Aug/2026 06:27:59] "[33mGET /static/profile.jpg HTTP/1.1[0m" 404 -
2026-08-09 06:27:59,746 [INFO] 127.0.0.1 - - [09/Aug/2026 06:27:59] "[36mGET /static/css/style.css HTTP/1.1[0m" 304 -
2026-08-09 06:27:59,748 [INFO] 127.0.0.1 - - [09/Aug/2026 06:27:59] "[36mGET /static/uploads/8575e2e8d2f18ad5_20260809.png HTTP/1.1[0m" 304 -
2026-08-09 06:27:59,753 [INFO] 127.0.0.1 - - [09/Aug/2026 06:27:59] "[36mGET /static/uploads/7db5ede6818ab167_20260809.png HTTP/1.1[0m" 304 -
2026-08-09 06:27:59,757 [INFO] 127.0.0.1 - - [09/Aug/2026 06:27:59] "[36mGET /static/uploads/d162029c3955a864_20260809.png HTTP/1.1[0m" 304 -
2026-08-09 06:27:59,763 [INFO] 127.0.0.1 - - [09/Aug/2026 06:27:59] "[36mGET /static/uploads/12ebbb75ce50b886_20260809.png HTTP/1.1[0m" 304 -
2026-08-09 06:27:59,770 [INFO] 127.0.0.1 - - [09/Aug/2026 06:27:59] "[36mGET /static/js/main.js HTTP/1.1[0m" 304 -
2026-08-09 06:27:59,772 [INFO] 127.0.0.1 - - [09/Aug/2026 06:27:59] "[36mGET /static/uploads/d714f47fd3575dd0_20260809.png HTTP/1.1[0m" 304 -
2026-08-09 06:27:59,779 [INFO] 127.0.0.1 - - [09/Aug/2026 06:27:59] "[36mGET /static/uploads/2fc8983835a6680a_20260809.png HTTP/1.1[0m" 304 -
2026-08-09 06:27:59,792 [INFO] 127.0.0.1 - - [09/Aug/2026 06:27:59] "[36mGET /static/uploads/cc418aec70d76c00_20260809.png HTTP/1.1[0m" 304 -
2026-08-09 06:27:59,803 [INFO] 127.0.0.1 - - [09/Aug/2026 06:27:59] "[36mGET /static/uploads/1f1f1a223c74b36b_20260809.png HTTP/1.1[0m" 304 -
2026-08-09 06:27:59,809 [INFO] 127.0.0.1 - - [09/Aug/2026 06:27:59] "[36mGET /static/uploads/f2f52b59385aef46_20260809.png HTTP/1.1[0m" 304 -
2026-08-09 06:27:59,818 [INFO] 127.0.0.1 - - [09/Aug/2026 06:27:59] "[36mGET /static/uploads/19b43d9302537130_20260809.png HTTP/1.1[0m" 304 -
2026-08-09 06:27:59,827 [INFO] 127.0.0.1 - - [09/Aug/2026 06:27:59] "[36mGET /static/uploads/1bafb088ed2dfba8_20260809.png HTTP/1.1[0m" 304 -
2026-08-09 06:27:59,849 [INFO] 127.0.0.1 - - [09/Aug/2026 06:27:59] "[36mGET /static/uploads/50f38a42093157c8_20260809.png HTTP/1.1[0m" 304 -
2026-08-09 06:27:59,872 [INFO] 127.0.0.1 - - [09/Aug/2026 06:27:59] "[36mGET /static/uploads/00f6e467cf19cf95_20260809.png HTTP/1.1[0m" 304 -
2026-08-09 06:27:59,878 [INFO] 127.0.0.1 - - [09/Aug/2026 06:27:59] "[36mGET /static/uploads/f1a30021c45398c9_20260809.png HTTP/1.1[0m" 304 -
2026-08-09 06:27:59,886 [INFO] 127.0.0.1 - - [09/Aug/2026 06:27:59] "[36mGET /static/uploads/6ff37e05066f5cee_20260809.png HTTP/1.1[0m" 304 -
2026-08-09 06:27:59,955 [INFO] 127.0.0.1 - - [09/Aug/2026 06:27:59] "GET /static/uploads/b170cee5fbd41e69_20260809.png HTTP/1.1" 200 -
2026-08-09 06:28:22,670 [INFO] 127.0.0.1 - - [09/Aug/2026 06:28:22] "GET /admin/add/certificate HTTP/1.1" 200 -
2026-08-09 06:28:22,703 [INFO] 127.0.0.1 - - [09/Aug/2026 06:28:22] "[36mGET /static/css/style.css HTTP/1.1[0m" 304 -
2026-08-09 06:28:22,707 [INFO] 127.0.0.1 - - [09/Aug/2026 06:28:22] "[33mGET /static/profile.jpg HTTP/1.1[0m" 404 -
2026-08-09 06:28:22,731 [INFO] 127.0.0.1 - - [09/Aug/2026 06:28:22] "[36mGET /static/js/main.js HTTP/1.1[0m" 304 -
2026-08-09 06:29:10,558 [INFO] Item uploaded: CyberSecurity_Awawerness_Udemy by admin from 127.0.0.1
2026-08-09 06:29:10,559 [INFO] 127.0.0.1 - - [09/Aug/2026 06:29:10] "[32mPOST /admin/add/certificate HTTP/1.1[0m" 302 -
2026-08-09 06:29:10,572 [INFO] 127.0.0.1 - - [09/Aug/2026 06:29:10] "GET /admin HTTP/1.1" 200 -
2026-08-09 06:29:10,598 [INFO] 127.0.0.1 - - [09/Aug/2026 06:29:10] "[36mGET /static/css/style.css HTTP/1.1[0m" 304 -
2026-08-09 06:29:10,605 [INFO] 127.0.0.1 - - [09/Aug/2026 06:29:10] "[33mGET /static/profile.jpg HTTP/1.1[0m" 404 -
2026-08-09 06:29:10,613 [INFO] 127.0.0.1 - - [09/Aug/2026 06:29:10] "[36mGET /static/uploads/b170cee5fbd41e69_20260809.png HTTP/1.1[0m" 304 -
2026-08-09 06:29:10,619 [INFO] 127.0.0.1 - - [09/Aug/2026 06:29:10] "[36mGET /static/uploads/7db5ede6818ab167_20260809.png HTTP/1.1[0m" 304 -
2026-08-09 06:29:10,627 [INFO] 127.0.0.1 - - [09/Aug/2026 06:29:10] "[36mGET /static/uploads/d162029c3955a864_20260809.png HTTP/1.1[0m" 304 -
2026-08-09 06:29:10,628 [INFO] 127.0.0.1 - - [09/Aug/2026 06:29:10] "[36mGET /static/uploads/8575e2e8d2f18ad5_20260809.png HTTP/1.1[0m" 304 -
2026-08-09 06:29:10,628 [INFO] 127.0.0.1 - - [09/Aug/2026 06:29:10] "[36mGET /static/uploads/12ebbb75ce50b886_20260809.png HTTP/1.1[0m" 304 -
2026-08-09 06:29:10,636 [INFO] 127.0.0.1 - - [09/Aug/2026 06:29:10] "[36mGET /static/js/main.js HTTP/1.1[0m" 304 -
2026-08-09 06:29:10,644 [INFO] 127.0.0.1 - - [09/Aug/2026 06:29:10] "[36mGET /static/uploads/2fc8983835a6680a_20260809.png HTTP/1.1[0m" 304 -
2026-08-09 06:29:10,651 [INFO] 127.0.0.1 - - [09/Aug/2026 06:29:10] "[36mGET /static/uploads/d714f47fd3575dd0_20260809.png HTTP/1.1[0m" 304 -
2026-08-09 06:29:10,658 [INFO] 127.0.0.1 - - [09/Aug/2026 06:29:10] "[36mGET /static/uploads/cc418aec70d76c00_20260809.png HTTP/1.1[0m" 304 -
2026-08-09 06:29:10,663 [INFO] 127.0.0.1 - - [09/Aug/2026 06:29:10] "[36mGET /static/uploads/1f1f1a223c74b36b_20260809.png HTTP/1.1[0m" 304 -
2026-08-09 06:29:10,669 [INFO] 127.0.0.1 - - [09/Aug/2026 06:29:10] "[36mGET /static/uploads/f2f52b59385aef46_20260809.png HTTP/1.1[0m" 304 -
2026-08-09 06:29:10,671 [INFO] 127.0.0.1 - - [09/Aug/2026 06:29:10] "[36mGET /static/uploads/19b43d9302537130_20260809.png HTTP/1.1[0m" 304 -
2026-08-09 06:29:10,685 [INFO] 127.0.0.1 - - [09/Aug/2026 06:29:10] "[36mGET /static/uploads/1bafb088ed2dfba8_20260809.png HTTP/1.1[0m" 304 -
2026-08-09 06:29:10,686 [INFO] 127.0.0.1 - - [09/Aug/2026 06:29:10] "[36mGET /static/uploads/50f38a42093157c8_20260809.png HTTP/1.1[0m" 304 -
2026-08-09 06:29:10,698 [INFO] 127.0.0.1 - - [09/Aug/2026 06:29:10] "[36mGET /static/uploads/00f6e467cf19cf95_20260809.png HTTP/1.1[0m" 304 -
2026-08-09 06:29:10,713 [INFO] 127.0.0.1 - - [09/Aug/2026 06:29:10] "[36mGET /static/uploads/f1a30021c45398c9_20260809.png HTTP/1.1[0m" 304 -
2026-08-09 06:29:10,716 [INFO] 127.0.0.1 - - [09/Aug/2026 06:29:10] "[36mGET /static/uploads/6ff37e05066f5cee_20260809.png HTTP/1.1[0m" 304 -
2026-08-09 06:29:10,721 [INFO] 127.0.0.1 - - [09/Aug/2026 06:29:10] "GET /static/uploads/76cc2ce314903c76_20260809.png HTTP/1.1" 200 -
2026-08-09 06:29:40,433 [INFO] 127.0.0.1 - - [09/Aug/2026 06:29:40] "GET /admin/add/certificate HTTP/1.1" 200 -
2026-08-09 06:29:40,463 [INFO] 127.0.0.1 - - [09/Aug/2026 06:29:40] "[36mGET /static/css/style.css HTTP/1.1[0m" 304 -
2026-08-09 06:29:40,470 [INFO] 127.0.0.1 - - [09/Aug/2026 06:29:40] "[33mGET /static/profile.jpg HTTP/1.1[0m" 404 -
2026-08-09 06:29:40,493 [INFO] 127.0.0.1 - - [09/Aug/2026 06:29:40] "[36mGET /static/js/main.js HTTP/1.1[0m" 304 -
2026-08-09 06:30:38,903 [INFO] Item uploaded: Udemy SQL Bootcamp Certificate by admin from 127.0.0.1
2026-08-09 06:30:38,905 [INFO] 127.0.0.1 - - [09/Aug/2026 06:30:38] "[32mPOST /admin/add/certificate HTTP/1.1[0m" 302 -
2026-08-09 06:30:38,915 [INFO] 127.0.0.1 - - [09/Aug/2026 06:30:38] "GET /admin HTTP/1.1" 200 -
2026-08-09 06:30:38,939 [INFO] 127.0.0.1 - - [09/Aug/2026 06:30:38] "[36mGET /static/css/style.css HTTP/1.1[0m" 304 -
2026-08-09 06:30:38,945 [INFO] 127.0.0.1 - - [09/Aug/2026 06:30:38] "[33mGET /static/profile.jpg HTTP/1.1[0m" 404 -
2026-08-09 06:30:38,950 [INFO] 127.0.0.1 - - [09/Aug/2026 06:30:38] "[36mGET /static/uploads/b170cee5fbd41e69_20260809.png HTTP/1.1[0m" 304 -
2026-08-09 06:30:38,953 [INFO] 127.0.0.1 - - [09/Aug/2026 06:30:38] "[36mGET /static/uploads/76cc2ce314903c76_20260809.png HTTP/1.1[0m" 304 -
2026-08-09 06:30:38,960 [INFO] 127.0.0.1 - - [09/Aug/2026 06:30:38] "[36mGET /static/uploads/8575e2e8d2f18ad5_20260809.png HTTP/1.1[0m" 304 -
2026-08-09 06:30:38,963 [INFO] 127.0.0.1 - - [09/Aug/2026 06:30:38] "[36mGET /static/uploads/7db5ede6818ab167_20260809.png HTTP/1.1[0m" 304 -
2026-08-09 06:30:38,973 [INFO] 127.0.0.1 - - [09/Aug/2026 06:30:38] "[36mGET /static/uploads/d162029c3955a864_20260809.png HTTP/1.1[0m" 304 -
2026-08-09 06:30:38,980 [INFO] 127.0.0.1 - - [09/Aug/2026 06:30:38] "[36mGET /static/uploads/12ebbb75ce50b886_20260809.png HTTP/1.1[0m" 304 -
2026-08-09 06:30:38,981 [INFO] 127.0.0.1 - - [09/Aug/2026 06:30:38] "[36mGET /static/js/main.js HTTP/1.1[0m" 304 -
2026-08-09 06:30:38,987 [INFO] 127.0.0.1 - - [09/Aug/2026 06:30:38] "[36mGET /static/uploads/2fc8983835a6680a_20260809.png HTTP/1.1[0m" 304 -
2026-08-09 06:30:38,997 [INFO] 127.0.0.1 - - [09/Aug/2026 06:30:38] "[36mGET /static/uploads/d714f47fd3575dd0_20260809.png HTTP/1.1[0m" 304 -
2026-08-09 06:30:39,002 [INFO] 127.0.0.1 - - [09/Aug/2026 06:30:39] "[36mGET /static/uploads/cc418aec70d76c00_20260809.png HTTP/1.1[0m" 304 -
2026-08-09 06:30:39,016 [INFO] 127.0.0.1 - - [09/Aug/2026 06:30:39] "[36mGET /static/uploads/1f1f1a223c74b36b_20260809.png HTTP/1.1[0m" 304 -
2026-08-09 06:30:39,023 [INFO] 127.0.0.1 - - [09/Aug/2026 06:30:39] "[36mGET /static/uploads/f2f52b59385aef46_20260809.png HTTP/1.1[0m" 304 -
2026-08-09 06:30:39,026 [INFO] 127.0.0.1 - - [09/Aug/2026 06:30:39] "[36mGET /static/uploads/19b43d9302537130_20260809.png HTTP/1.1[0m" 304 -
2026-08-09 06:30:39,030 [INFO] 127.0.0.1 - - [09/Aug/2026 06:30:39] "[36mGET /static/uploads/1bafb088ed2dfba8_20260809.png HTTP/1.1[0m" 304 -
2026-08-09 06:30:39,042 [INFO] 127.0.0.1 - - [09/Aug/2026 06:30:39] "[36mGET /static/uploads/50f38a42093157c8_20260809.png HTTP/1.1[0m" 304 -
2026-08-09 06:30:39,043 [INFO] 127.0.0.1 - - [09/Aug/2026 06:30:39] "[36mGET /static/uploads/00f6e467cf19cf95_20260809.png HTTP/1.1[0m" 304 -
2026-08-09 06:30:39,049 [INFO] 127.0.0.1 - - [09/Aug/2026 06:30:39] "[36mGET /static/uploads/f1a30021c45398c9_20260809.png HTTP/1.1[0m" 304 -
2026-08-09 06:30:39,053 [INFO] 127.0.0.1 - - [09/Aug/2026 06:30:39] "[36mGET /static/uploads/6ff37e05066f5cee_20260809.png HTTP/1.1[0m" 304 -
2026-08-09 06:30:39,073 [INFO] 127.0.0.1 - - [09/Aug/2026 06:30:39] "GET /static/uploads/eb68604ff191a0c4_20260809.png HTTP/1.1" 200 -
2026-08-09 06:30:45,386 [INFO] 127.0.0.1 - - [09/Aug/2026 06:30:45] "GET /admin/add/certificate HTTP/1.1" 200 -
2026-08-09 06:30:45,423 [INFO] 127.0.0.1 - - [09/Aug/2026 06:30:45] "[36mGET /static/css/style.css HTTP/1.1[0m" 304 -
2026-08-09 06:30:45,434 [INFO] 127.0.0.1 - - [09/Aug/2026 06:30:45] "[33mGET /static/profile.jpg HTTP/1.1[0m" 404 -
2026-08-09 06:30:45,464 [INFO] 127.0.0.1 - - [09/Aug/2026 06:30:45] "[36mGET /static/js/main.js HTTP/1.1[0m" 304 -
2026-08-09 06:31:46,579 [INFO] Item uploaded: React Udemy Certificate by admin from 127.0.0.1
2026-08-09 06:31:46,581 [INFO] 127.0.0.1 - - [09/Aug/2026 06:31:46] "[32mPOST /admin/add/certificate HTTP/1.1[0m" 302 -
2026-08-09 06:31:46,592 [INFO] 127.0.0.1 - - [09/Aug/2026 06:31:46] "GET /admin HTTP/1.1" 200 -
2026-08-09 06:31:46,615 [INFO] 127.0.0.1 - - [09/Aug/2026 06:31:46] "[36mGET /static/css/style.css HTTP/1.1[0m" 304 -
2026-08-09 06:31:46,631 [INFO] 127.0.0.1 - - [09/Aug/2026 06:31:46] "[33mGET /static/profile.jpg HTTP/1.1[0m" 404 -
2026-08-09 06:31:46,637 [INFO] 127.0.0.1 - - [09/Aug/2026 06:31:46] "[36mGET /static/uploads/76cc2ce314903c76_20260809.png HTTP/1.1[0m" 304 -
2026-08-09 06:31:46,642 [INFO] 127.0.0.1 - - [09/Aug/2026 06:31:46] "[36mGET /static/uploads/eb68604ff191a0c4_20260809.png HTTP/1.1[0m" 304 -
2026-08-09 06:31:46,644 [INFO] 127.0.0.1 - - [09/Aug/2026 06:31:46] "[36mGET /static/uploads/b170cee5fbd41e69_20260809.png HTTP/1.1[0m" 304 -
2026-08-09 06:31:46,651 [INFO] 127.0.0.1 - - [09/Aug/2026 06:31:46] "[36mGET /static/uploads/8575e2e8d2f18ad5_20260809.png HTTP/1.1[0m" 304 -
2026-08-09 06:31:46,663 [INFO] 127.0.0.1 - - [09/Aug/2026 06:31:46] "[36mGET /static/uploads/7db5ede6818ab167_20260809.png HTTP/1.1[0m" 304 -
2026-08-09 06:31:46,671 [INFO] 127.0.0.1 - - [09/Aug/2026 06:31:46] "[36mGET /static/js/main.js HTTP/1.1[0m" 304 -
2026-08-09 06:31:46,673 [INFO] 127.0.0.1 - - [09/Aug/2026 06:31:46] "[36mGET /static/uploads/d162029c3955a864_20260809.png HTTP/1.1[0m" 304 -
2026-08-09 06:31:46,713 [INFO] 127.0.0.1 - - [09/Aug/2026 06:31:46] "[36mGET /static/uploads/2fc8983835a6680a_20260809.png HTTP/1.1[0m" 304 -
2026-08-09 06:31:46,718 [INFO] 127.0.0.1 - - [09/Aug/2026 06:31:46] "[36mGET /static/uploads/d714f47fd3575dd0_20260809.png HTTP/1.1[0m" 304 -
2026-08-09 06:31:46,721 [INFO] 127.0.0.1 - - [09/Aug/2026 06:31:46] "[36mGET /static/uploads/cc418aec70d76c00_20260809.png HTTP/1.1[0m" 304 -
2026-08-09 06:31:46,722 [INFO] 127.0.0.1 - - [09/Aug/2026 06:31:46] "[36mGET /static/uploads/12ebbb75ce50b886_20260809.png HTTP/1.1[0m" 304 -
2026-08-09 06:31:46,735 [INFO] 127.0.0.1 - - [09/Aug/2026 06:31:46] "[36mGET /static/uploads/1f1f1a223c74b36b_20260809.png HTTP/1.1[0m" 304 -
2026-08-09 06:31:46,737 [INFO] 127.0.0.1 - - [09/Aug/2026 06:31:46] "[36mGET /static/uploads/f2f52b59385aef46_20260809.png HTTP/1.1[0m" 304 -
2026-08-09 06:31:46,771 [INFO] 127.0.0.1 - - [09/Aug/2026 06:31:46] "[36mGET /static/uploads/1bafb088ed2dfba8_20260809.png HTTP/1.1[0m" 304 -
2026-08-09 06:31:46,773 [INFO] 127.0.0.1 - - [09/Aug/2026 06:31:46] "[36mGET /static/uploads/19b43d9302537130_20260809.png HTTP/1.1[0m" 304 -
2026-08-09 06:31:46,777 [INFO] 127.0.0.1 - - [09/Aug/2026 06:31:46] "[36mGET /static/uploads/50f38a42093157c8_20260809.png HTTP/1.1[0m" 304 -
2026-08-09 06:31:46,779 [INFO] 127.0.0.1 - - [09/Aug/2026 06:31:46] "[36mGET /static/uploads/00f6e467cf19cf95_20260809.png HTTP/1.1[0m" 304 -
2026-08-09 06:31:46,780 [INFO] 127.0.0.1 - - [09/Aug/2026 06:31:46] "[36mGET /static/uploads/f1a30021c45398c9_20260809.png HTTP/1.1[0m" 304 -
2026-08-09 06:31:46,793 [INFO] 127.0.0.1 - - [09/Aug/2026 06:31:46] "[36mGET /static/uploads/6ff37e05066f5cee_20260809.png HTTP/1.1[0m" 304 -
2026-08-09 06:31:46,802 [INFO] 127.0.0.1 - - [09/Aug/2026 06:31:46] "GET /static/uploads/2667e8e9ff243507_20260809.png HTTP/1.1" 200 -
2026-08-09 13:42:37,318 [WARNING] Unauthorized access attempt to /admin/add/certificate - IP: 127.0.0.1
2026-08-09 13:42:37,319 [INFO] 127.0.0.1 - - [09/Aug/2026 13:42:37] "[32mGET /admin/add/certificate HTTP/1.1[0m" 302 -
2026-08-09 13:42:37,323 [INFO] 127.0.0.1 - - [09/Aug/2026 13:42:37] "GET /admin/login HTTP/1.1" 200 -
2026-08-09 13:42:37,345 [INFO] 127.0.0.1 - - [09/Aug/2026 13:42:37] "[36mGET /static/css/style.css HTTP/1.1[0m" 304 -
2026-08-09 13:42:37,358 [INFO] 127.0.0.1 - - [09/Aug/2026 13:42:37] "[36mGET /static/js/main.js HTTP/1.1[0m" 304 -
2026-08-09 13:42:37,361 [INFO] 127.0.0.1 - - [09/Aug/2026 13:42:37] "[33mGET /static/profile.jpg HTTP/1.1[0m" 404 -
2026-08-09 13:43:19,178 [INFO] Login attempt from 127.0.0.1 - Email: admin@portfolio.local - Success: True
2026-08-09 13:43:19,178 [INFO] Admin login successful from 127.0.0.1
2026-08-09 13:43:19,179 [INFO] 127.0.0.1 - - [09/Aug/2026 13:43:19] "[32mPOST /admin/login HTTP/1.1[0m" 302 -
2026-08-09 13:43:19,191 [INFO] 127.0.0.1 - - [09/Aug/2026 13:43:19] "GET /admin HTTP/1.1" 200 -
2026-08-09 13:43:19,244 [INFO] 127.0.0.1 - - [09/Aug/2026 13:43:19] "[36mGET /static/css/style.css HTTP/1.1[0m" 304 -
2026-08-09 13:43:19,258 [INFO] 127.0.0.1 - - [09/Aug/2026 13:43:19] "[33mGET /static/profile.jpg HTTP/1.1[0m" 404 -
2026-08-09 13:43:19,264 [INFO] 127.0.0.1 - - [09/Aug/2026 13:43:19] "[36mGET /static/uploads/76cc2ce314903c76_20260809.png HTTP/1.1[0m" 304 -
2026-08-09 13:43:19,264 [INFO] 127.0.0.1 - - [09/Aug/2026 13:43:19] "[36mGET /static/uploads/2667e8e9ff243507_20260809.png HTTP/1.1[0m" 304 -
2026-08-09 13:43:19,265 [INFO] 127.0.0.1 - - [09/Aug/2026 13:43:19] "[36mGET /static/uploads/eb68604ff191a0c4_20260809.png HTTP/1.1[0m" 304 -
2026-08-09 13:43:19,266 [INFO] 127.0.0.1 - - [09/Aug/2026 13:43:19] "[36mGET /static/uploads/b170cee5fbd41e69_20260809.png HTTP/1.1[0m" 304 -
2026-08-09 13:43:19,274 [INFO] 127.0.0.1 - - [09/Aug/2026 13:43:19] "[36mGET /static/js/main.js HTTP/1.1[0m" 304 -
2026-08-09 13:43:19,281 [INFO] 127.0.0.1 - - [09/Aug/2026 13:43:19] "[36mGET /static/uploads/8575e2e8d2f18ad5_20260809.png HTTP/1.1[0m" 304 -
2026-08-09 13:43:19,294 [INFO] 127.0.0.1 - - [09/Aug/2026 13:43:19] "[36mGET /static/uploads/d162029c3955a864_20260809.png HTTP/1.1[0m" 304 -
2026-08-09 13:43:19,295 [INFO] 127.0.0.1 - - [09/Aug/2026 13:43:19] "[36mGET /static/uploads/7db5ede6818ab167_20260809.png HTTP/1.1[0m" 304 -
2026-08-09 13:43:19,313 [INFO] 127.0.0.1 - - [09/Aug/2026 13:43:19] "[36mGET /static/uploads/12ebbb75ce50b886_20260809.png HTTP/1.1[0m" 304 -
2026-08-09 13:43:19,319 [INFO] 127.0.0.1 - - [09/Aug/2026 13:43:19] "[36mGET /static/uploads/2fc8983835a6680a_20260809.png HTTP/1.1[0m" 304 -
2026-08-09 13:43:19,321 [INFO] 127.0.0.1 - - [09/Aug/2026 13:43:19] "[36mGET /static/uploads/d714f47fd3575dd0_20260809.png HTTP/1.1[0m" 304 -
2026-08-09 13:43:19,329 [INFO] 127.0.0.1 - - [09/Aug/2026 13:43:19] "[36mGET /static/uploads/cc418aec70d76c00_20260809.png HTTP/1.1[0m" 304 -
2026-08-09 13:43:19,344 [INFO] 127.0.0.1 - - [09/Aug/2026 13:43:19] "[36mGET /static/uploads/1f1f1a223c74b36b_20260809.png HTTP/1.1[0m" 304 -
2026-08-09 13:43:19,364 [INFO] 127.0.0.1 - - [09/Aug/2026 13:43:19] "[36mGET /static/uploads/f2f52b59385aef46_20260809.png HTTP/1.1[0m" 304 -
2026-08-09 13:43:19,373 [INFO] 127.0.0.1 - - [09/Aug/2026 13:43:19] "[36mGET /static/uploads/19b43d9302537130_20260809.png HTTP/1.1[0m" 304 -
2026-08-09 13:43:19,379 [INFO] 127.0.0.1 - - [09/Aug/2026 13:43:19] "[36mGET /static/uploads/1bafb088ed2dfba8_20260809.png HTTP/1.1[0m" 304 -
2026-08-09 13:43:19,384 [INFO] 127.0.0.1 - - [09/Aug/2026 13:43:19] "[36mGET /static/uploads/50f38a42093157c8_20260809.png HTTP/1.1[0m" 304 -
2026-08-09 13:43:19,392 [INFO] 127.0.0.1 - - [09/Aug/2026 13:43:19] "[36mGET /static/uploads/00f6e467cf19cf95_20260809.png HTTP/1.1[0m" 304 -
2026-08-09 13:43:19,398 [INFO] 127.0.0.1 - - [09/Aug/2026 13:43:19] "[36mGET /static/uploads/f1a30021c45398c9_20260809.png HTTP/1.1[0m" 304 -
2026-08-09 13:43:19,400 [INFO] 127.0.0.1 - - [09/Aug/2026 13:43:19] "[36mGET /static/uploads/6ff37e05066f5cee_20260809.png HTTP/1.1[0m" 304 -
2026-08-09 13:43:21,911 [INFO] 127.0.0.1 - - [09/Aug/2026 13:43:21] "GET /admin/add/certificate HTTP/1.1" 200 -
2026-08-09 13:43:21,933 [INFO] 127.0.0.1 - - [09/Aug/2026 13:43:21] "[36mGET /static/css/style.css HTTP/1.1[0m" 304 -
2026-08-09 13:43:21,936 [INFO] 127.0.0.1 - - [09/Aug/2026 13:43:21] "[33mGET /static/profile.jpg HTTP/1.1[0m" 404 -
2026-08-09 13:43:21,946 [INFO] 127.0.0.1 - - [09/Aug/2026 13:43:21] "[36mGET /static/js/main.js HTTP/1.1[0m" 304 -
2026-08-09 13:43:50,336 [INFO] Item uploaded: Skill India – Cybersecurity Participation Certificate: by admin from 127.0.0.1
2026-08-09 13:43:50,338 [INFO] 127.0.0.1 - - [09/Aug/2026 13:43:50] "[32mPOST /admin/add/certificate HTTP/1.1[0m" 302 -
2026-08-09 13:43:50,352 [INFO] 127.0.0.1 - - [09/Aug/2026 13:43:50] "GET /admin HTTP/1.1" 200 -
2026-08-09 13:43:50,384 [INFO] 127.0.0.1 - - [09/Aug/2026 13:43:50] "[36mGET /static/css/style.css HTTP/1.1[0m" 304 -
2026-08-09 13:43:50,397 [INFO] 127.0.0.1 - - [09/Aug/2026 13:43:50] "[33mGET /static/profile.jpg HTTP/1.1[0m" 404 -
2026-08-09 13:43:50,399 [INFO] 127.0.0.1 - - [09/Aug/2026 13:43:50] "[36mGET /static/uploads/2667e8e9ff243507_20260809.png HTTP/1.1[0m" 304 -
2026-08-09 13:43:50,405 [INFO] 127.0.0.1 - - [09/Aug/2026 13:43:50] "[36mGET /static/uploads/eb68604ff191a0c4_20260809.png HTTP/1.1[0m" 304 -
2026-08-09 13:43:50,420 [INFO] 127.0.0.1 - - [09/Aug/2026 13:43:50] "[36mGET /static/uploads/b170cee5fbd41e69_20260809.png HTTP/1.1[0m" 304 -
2026-08-09 13:43:50,426 [INFO] 127.0.0.1 - - [09/Aug/2026 13:43:50] "[36mGET /static/uploads/8575e2e8d2f18ad5_20260809.png HTTP/1.1[0m" 304 -
2026-08-09 13:43:50,430 [INFO] 127.0.0.1 - - [09/Aug/2026 13:43:50] "[36mGET /static/js/main.js HTTP/1.1[0m" 304 -
2026-08-09 13:43:50,435 [INFO] 127.0.0.1 - - [09/Aug/2026 13:43:50] "[36mGET /static/uploads/7db5ede6818ab167_20260809.png HTTP/1.1[0m" 304 -
2026-08-09 13:43:50,440 [INFO] 127.0.0.1 - - [09/Aug/2026 13:43:50] "[36mGET /static/uploads/76cc2ce314903c76_20260809.png HTTP/1.1[0m" 304 -
2026-08-09 13:43:50,442 [INFO] 127.0.0.1 - - [09/Aug/2026 13:43:50] "[36mGET /static/uploads/d162029c3955a864_20260809.png HTTP/1.1[0m" 304 -
2026-08-09 13:43:50,460 [INFO] 127.0.0.1 - - [09/Aug/2026 13:43:50] "[36mGET /static/uploads/12ebbb75ce50b886_20260809.png HTTP/1.1[0m" 304 -
2026-08-09 13:43:50,516 [INFO] 127.0.0.1 - - [09/Aug/2026 13:43:50] "GET /static/uploads/6fa75660d7c6ba99_20260809.png HTTP/1.1" 200 -
2026-08-09 13:43:50,542 [INFO] 127.0.0.1 - - [09/Aug/2026 13:43:50] "[36mGET /static/uploads/2fc8983835a6680a_20260809.png HTTP/1.1[0m" 304 -
2026-08-09 13:43:50,548 [INFO] 127.0.0.1 - - [09/Aug/2026 13:43:50] "[36mGET /static/uploads/d714f47fd3575dd0_20260809.png HTTP/1.1[0m" 304 -
2026-08-09 13:43:50,554 [INFO] 127.0.0.1 - - [09/Aug/2026 13:43:50] "[36mGET /static/uploads/cc418aec70d76c00_20260809.png HTTP/1.1[0m" 304 -
2026-08-09 13:43:50,563 [INFO] 127.0.0.1 - - [09/Aug/2026 13:43:50] "[36mGET /static/uploads/1f1f1a223c74b36b_20260809.png HTTP/1.1[0m" 304 -
2026-08-09 13:43:50,579 [INFO] 127.0.0.1 - - [09/Aug/2026 13:43:50] "[36mGET /static/uploads/19b43d9302537130_20260809.png HTTP/1.1[0m" 304 -
2026-08-09 13:43:50,582 [INFO] 127.0.0.1 - - [09/Aug/2026 13:43:50] "[36mGET /static/uploads/f2f52b59385aef46_20260809.png HTTP/1.1[0m" 304 -
2026-08-09 13:43:50,590 [INFO] 127.0.0.1 - - [09/Aug/2026 13:43:50] "[36mGET /static/uploads/1bafb088ed2dfba8_20260809.png HTTP/1.1[0m" 304 -
2026-08-09 13:43:50,600 [INFO] 127.0.0.1 - - [09/Aug/2026 13:43:50] "[36mGET /static/uploads/50f38a42093157c8_20260809.png HTTP/1.1[0m" 304 -
2026-08-09 13:43:50,614 [INFO] 127.0.0.1 - - [09/Aug/2026 13:43:50] "[36mGET /static/uploads/00f6e467cf19cf95_20260809.png HTTP/1.1[0m" 304 -
2026-08-09 13:43:50,617 [INFO] 127.0.0.1 - - [09/Aug/2026 13:43:50] "[36mGET /static/uploads/f1a30021c45398c9_20260809.png HTTP/1.1[0m" 304 -
2026-08-09 13:43:50,629 [INFO] 127.0.0.1 - - [09/Aug/2026 13:43:50] "[36mGET /static/uploads/6ff37e05066f5cee_20260809.png HTTP/1.1[0m" 304 -
2026-08-09 13:44:07,057 [INFO] 127.0.0.1 - - [09/Aug/2026 13:44:07] "GET /admin/add/certificate HTTP/1.1" 200 -
2026-08-09 13:44:07,087 [INFO] 127.0.0.1 - - [09/Aug/2026 13:44:07] "[36mGET /static/css/style.css HTTP/1.1[0m" 304 -
2026-08-09 13:44:07,096 [INFO] 127.0.0.1 - - [09/Aug/2026 13:44:07] "[33mGET /static/profile.jpg HTTP/1.1[0m" 404 -
2026-08-09 13:44:07,119 [INFO] 127.0.0.1 - - [09/Aug/2026 13:44:07] "[36mGET /static/js/main.js HTTP/1.1[0m" 304 -
2026-08-09 13:44:28,708 [INFO] Item uploaded: Xiaomi Ode2Code 3.0 Quiz participation certificate by admin from 127.0.0.1
2026-08-09 13:44:28,709 [INFO] 127.0.0.1 - - [09/Aug/2026 13:44:28] "[32mPOST /admin/add/certificate HTTP/1.1[0m" 302 -
2026-08-09 13:44:28,718 [INFO] 127.0.0.1 - - [09/Aug/2026 13:44:28] "GET /admin HTTP/1.1" 200 -
2026-08-09 13:44:28,736 [INFO] 127.0.0.1 - - [09/Aug/2026 13:44:28] "[36mGET /static/css/style.css HTTP/1.1[0m" 304 -
2026-08-09 13:44:28,745 [INFO] 127.0.0.1 - - [09/Aug/2026 13:44:28] "[33mGET /static/profile.jpg HTTP/1.1[0m" 404 -
2026-08-09 13:44:28,748 [INFO] 127.0.0.1 - - [09/Aug/2026 13:44:28] "[36mGET /static/uploads/2667e8e9ff243507_20260809.png HTTP/1.1[0m" 304 -
2026-08-09 13:44:28,748 [INFO] 127.0.0.1 - - [09/Aug/2026 13:44:28] "[36mGET /static/uploads/6fa75660d7c6ba99_20260809.png HTTP/1.1[0m" 304 -
2026-08-09 13:44:28,749 [INFO] 127.0.0.1 - - [09/Aug/2026 13:44:28] "[36mGET /static/uploads/eb68604ff191a0c4_20260809.png HTTP/1.1[0m" 304 -
2026-08-09 13:44:28,752 [INFO] 127.0.0.1 - - [09/Aug/2026 13:44:28] "[36mGET /static/uploads/76cc2ce314903c76_20260809.png HTTP/1.1[0m" 304 -
2026-08-09 13:44:28,756 [INFO] 127.0.0.1 - - [09/Aug/2026 13:44:28] "[36mGET /static/uploads/b170cee5fbd41e69_20260809.png HTTP/1.1[0m" 304 -
2026-08-09 13:44:28,763 [INFO] 127.0.0.1 - - [09/Aug/2026 13:44:28] "[36mGET /static/js/main.js HTTP/1.1[0m" 304 -
2026-08-09 13:44:28,767 [INFO] 127.0.0.1 - - [09/Aug/2026 13:44:28] "[36mGET /static/uploads/8575e2e8d2f18ad5_20260809.png HTTP/1.1[0m" 304 -
2026-08-09 13:44:28,769 [INFO] 127.0.0.1 - - [09/Aug/2026 13:44:28] "[36mGET /static/uploads/7db5ede6818ab167_20260809.png HTTP/1.1[0m" 304 -
2026-08-09 13:44:28,777 [INFO] 127.0.0.1 - - [09/Aug/2026 13:44:28] "[36mGET /static/uploads/d162029c3955a864_20260809.png HTTP/1.1[0m" 304 -
2026-08-09 13:44:28,779 [INFO] 127.0.0.1 - - [09/Aug/2026 13:44:28] "[36mGET /static/uploads/12ebbb75ce50b886_20260809.png HTTP/1.1[0m" 304 -
2026-08-09 13:44:28,780 [INFO] 127.0.0.1 - - [09/Aug/2026 13:44:28] "[36mGET /static/uploads/2fc8983835a6680a_20260809.png HTTP/1.1[0m" 304 -
2026-08-09 13:44:28,789 [INFO] 127.0.0.1 - - [09/Aug/2026 13:44:28] "[36mGET /static/uploads/d714f47fd3575dd0_20260809.png HTTP/1.1[0m" 304 -
2026-08-09 13:44:28,790 [INFO] 127.0.0.1 - - [09/Aug/2026 13:44:28] "[36mGET /static/uploads/cc418aec70d76c00_20260809.png HTTP/1.1[0m" 304 -
2026-08-09 13:44:28,792 [INFO] 127.0.0.1 - - [09/Aug/2026 13:44:28] "[36mGET /static/uploads/1f1f1a223c74b36b_20260809.png HTTP/1.1[0m" 304 -
2026-08-09 13:44:28,801 [INFO] 127.0.0.1 - - [09/Aug/2026 13:44:28] "[36mGET /static/uploads/f2f52b59385aef46_20260809.png HTTP/1.1[0m" 304 -
2026-08-09 13:44:28,806 [INFO] 127.0.0.1 - - [09/Aug/2026 13:44:28] "[36mGET /static/uploads/19b43d9302537130_20260809.png HTTP/1.1[0m" 304 -
2026-08-09 13:44:28,817 [INFO] 127.0.0.1 - - [09/Aug/2026 13:44:28] "GET /static/uploads/5889b4f3b6426b72_20260809.png HTTP/1.1" 200 -
2026-08-09 13:44:28,819 [INFO] 127.0.0.1 - - [09/Aug/2026 13:44:28] "[36mGET /static/uploads/50f38a42093157c8_20260809.png HTTP/1.1[0m" 304 -
2026-08-09 13:44:28,822 [INFO] 127.0.0.1 - - [09/Aug/2026 13:44:28] "[36mGET /static/uploads/1bafb088ed2dfba8_20260809.png HTTP/1.1[0m" 304 -
2026-08-09 13:44:28,829 [INFO] 127.0.0.1 - - [09/Aug/2026 13:44:28] "[36mGET /static/uploads/00f6e467cf19cf95_20260809.png HTTP/1.1[0m" 304 -
2026-08-09 13:44:28,831 [INFO] 127.0.0.1 - - [09/Aug/2026 13:44:28] "[36mGET /static/uploads/f1a30021c45398c9_20260809.png HTTP/1.1[0m" 304 -
2026-08-09 13:44:28,832 [INFO] 127.0.0.1 - - [09/Aug/2026 13:44:28] "[36mGET /static/uploads/6ff37e05066f5cee_20260809.png HTTP/1.1[0m" 304 -
2026-08-09 13:44:40,919 [INFO] 127.0.0.1 - - [09/Aug/2026 13:44:40] "GET /admin/add/certificate HTTP/1.1" 200 -
2026-08-09 13:44:40,948 [INFO] 127.0.0.1 - - [09/Aug/2026 13:44:40] "[36mGET /static/css/style.css HTTP/1.1[0m" 304 -
2026-08-09 13:44:40,949 [INFO] 127.0.0.1 - - [09/Aug/2026 13:44:40] "[33mGET /static/profile.jpg HTTP/1.1[0m" 404 -
2026-08-09 13:44:40,976 [INFO] 127.0.0.1 - - [09/Aug/2026 13:44:40] "[36mGET /static/js/main.js HTTP/1.1[0m" 304 -
2026-08-09 13:45:05,034 [INFO] 127.0.0.1 - - [09/Aug/2026 13:45:05] "[32mPOST /admin/add/certificate HTTP/1.1[0m" 302 -
2026-08-09 13:45:05,049 [INFO] 127.0.0.1 - - [09/Aug/2026 13:45:05] "GET /admin HTTP/1.1" 200 -
2026-08-09 13:45:05,081 [INFO] 127.0.0.1 - - [09/Aug/2026 13:45:05] "[36mGET /static/css/style.css HTTP/1.1[0m" 304 -
2026-08-09 13:45:05,090 [INFO] 127.0.0.1 - - [09/Aug/2026 13:45:05] "[33mGET /static/profile.jpg HTTP/1.1[0m" 404 -
2026-08-09 13:45:05,094 [INFO] 127.0.0.1 - - [09/Aug/2026 13:45:05] "[36mGET /static/uploads/6fa75660d7c6ba99_20260809.png HTTP/1.1[0m" 304 -
2026-08-09 13:45:05,098 [INFO] 127.0.0.1 - - [09/Aug/2026 13:45:05] "[36mGET /static/uploads/5889b4f3b6426b72_20260809.png HTTP/1.1[0m" 304 -
2026-08-09 13:45:05,098 [INFO] 127.0.0.1 - - [09/Aug/2026 13:45:05] "[36mGET /static/uploads/2667e8e9ff243507_20260809.png HTTP/1.1[0m" 304 -
2026-08-09 13:45:05,102 [INFO] 127.0.0.1 - - [09/Aug/2026 13:45:05] "[36mGET /static/uploads/eb68604ff191a0c4_20260809.png HTTP/1.1[0m" 304 -
2026-08-09 13:45:05,107 [INFO] 127.0.0.1 - - [09/Aug/2026 13:45:05] "[36mGET /static/uploads/76cc2ce314903c76_20260809.png HTTP/1.1[0m" 304 -
2026-08-09 13:45:05,116 [INFO] 127.0.0.1 - - [09/Aug/2026 13:45:05] "[36mGET /static/js/main.js HTTP/1.1[0m" 304 -
2026-08-09 13:45:05,120 [INFO] 127.0.0.1 - - [09/Aug/2026 13:45:05] "[36mGET /static/uploads/b170cee5fbd41e69_20260809.png HTTP/1.1[0m" 304 -
2026-08-09 13:45:05,121 [INFO] 127.0.0.1 - - [09/Aug/2026 13:45:05] "[36mGET /static/uploads/8575e2e8d2f18ad5_20260809.png HTTP/1.1[0m" 304 -
2026-08-09 13:45:05,128 [INFO] 127.0.0.1 - - [09/Aug/2026 13:45:05] "[36mGET /static/uploads/7db5ede6818ab167_20260809.png HTTP/1.1[0m" 304 -
2026-08-09 13:45:05,134 [INFO] 127.0.0.1 - - [09/Aug/2026 13:45:05] "[36mGET /static/uploads/d162029c3955a864_20260809.png HTTP/1.1[0m" 304 -
2026-08-09 13:45:05,141 [INFO] 127.0.0.1 - - [09/Aug/2026 13:45:05] "[36mGET /static/uploads/12ebbb75ce50b886_20260809.png HTTP/1.1[0m" 304 -
2026-08-09 13:45:05,143 [INFO] 127.0.0.1 - - [09/Aug/2026 13:45:05] "[36mGET /static/uploads/2fc8983835a6680a_20260809.png HTTP/1.1[0m" 304 -
2026-08-09 13:45:05,150 [INFO] 127.0.0.1 - - [09/Aug/2026 13:45:05] "[36mGET /static/uploads/d714f47fd3575dd0_20260809.png HTTP/1.1[0m" 304 -
2026-08-09 13:45:05,154 [INFO] 127.0.0.1 - - [09/Aug/2026 13:45:05] "[36mGET /static/uploads/cc418aec70d76c00_20260809.png HTTP/1.1[0m" 304 -
2026-08-09 13:45:05,163 [INFO] 127.0.0.1 - - [09/Aug/2026 13:45:05] "[36mGET /static/uploads/1f1f1a223c74b36b_20260809.png HTTP/1.1[0m" 304 -
2026-08-09 13:45:05,170 [INFO] 127.0.0.1 - - [09/Aug/2026 13:45:05] "[36mGET /static/uploads/f2f52b59385aef46_20260809.png HTTP/1.1[0m" 304 -
2026-08-09 13:45:05,178 [INFO] 127.0.0.1 - - [09/Aug/2026 13:45:05] "[36mGET /static/uploads/19b43d9302537130_20260809.png HTTP/1.1[0m" 304 -
2026-08-09 13:45:05,182 [INFO] 127.0.0.1 - - [09/Aug/2026 13:45:05] "[36mGET /static/uploads/1bafb088ed2dfba8_20260809.png HTTP/1.1[0m" 304 -
2026-08-09 13:45:05,187 [INFO] 127.0.0.1 - - [09/Aug/2026 13:45:05] "GET /static/uploads/c677ac16a92a7ab6_20260809.png HTTP/1.1" 200 -
2026-08-09 13:45:05,191 [INFO] 127.0.0.1 - - [09/Aug/2026 13:45:05] "[36mGET /static/uploads/50f38a42093157c8_20260809.png HTTP/1.1[0m" 304 -
2026-08-09 13:45:05,196 [INFO] 127.0.0.1 - - [09/Aug/2026 13:45:05] "[36mGET /static/uploads/00f6e467cf19cf95_20260809.png HTTP/1.1[0m" 304 -
2026-08-09 13:45:05,199 [INFO] 127.0.0.1 - - [09/Aug/2026 13:45:05] "[36mGET /static/uploads/f1a30021c45398c9_20260809.png HTTP/1.1[0m" 304 -
2026-08-09 13:45:05,204 [INFO] 127.0.0.1 - - [09/Aug/2026 13:45:05] "[36mGET /static/uploads/6ff37e05066f5cee_20260809.png HTTP/1.1[0m" 304 -
2026-08-09 13:45:14,670 [INFO] 127.0.0.1 - - [09/Aug/2026 13:45:14] "GET /admin/add/certificate HTTP/1.1" 200 -
2026-08-09 13:45:14,698 [INFO] 127.0.0.1 - - [09/Aug/2026 13:45:14] "[36mGET /static/css/style.css HTTP/1.1[0m" 304 -
2026-08-09 13:45:14,711 [INFO] 127.0.0.1 - - [09/Aug/2026 13:45:14] "[33mGET /static/profile.jpg HTTP/1.1[0m" 404 -
2026-08-09 13:45:14,723 [INFO] 127.0.0.1 - - [09/Aug/2026 13:45:14] "[36mGET /static/js/main.js HTTP/1.1[0m" 304 -
2026-08-09 13:45:28,999 [INFO] Item uploaded: CISSP training from Cybrary by admin from 127.0.0.1
2026-08-09 13:45:29,000 [INFO] 127.0.0.1 - - [09/Aug/2026 13:45:29] "[32mPOST /admin/add/certificate HTTP/1.1[0m" 302 -
2026-08-09 13:45:29,013 [INFO] 127.0.0.1 - - [09/Aug/2026 13:45:29] "GET /admin HTTP/1.1" 200 -
2026-08-09 13:45:29,038 [INFO] 127.0.0.1 - - [09/Aug/2026 13:45:29] "[36mGET /static/css/style.css HTTP/1.1[0m" 304 -
2026-08-09 13:45:29,051 [INFO] 127.0.0.1 - - [09/Aug/2026 13:45:29] "[33mGET /static/profile.jpg HTTP/1.1[0m" 404 -
2026-08-09 13:45:29,056 [INFO] 127.0.0.1 - - [09/Aug/2026 13:45:29] "[36mGET /static/uploads/5889b4f3b6426b72_20260809.png HTTP/1.1[0m" 304 -
2026-08-09 13:45:29,058 [INFO] 127.0.0.1 - - [09/Aug/2026 13:45:29] "[36mGET /static/uploads/c677ac16a92a7ab6_20260809.png HTTP/1.1[0m" 304 -
2026-08-09 13:45:29,063 [INFO] 127.0.0.1 - - [09/Aug/2026 13:45:29] "[36mGET /static/uploads/6fa75660d7c6ba99_20260809.png HTTP/1.1[0m" 304 -
2026-08-09 13:45:29,072 [INFO] 127.0.0.1 - - [09/Aug/2026 13:45:29] "[36mGET /static/uploads/2667e8e9ff243507_20260809.png HTTP/1.1[0m" 304 -
2026-08-09 13:45:29,080 [INFO] 127.0.0.1 - - [09/Aug/2026 13:45:29] "[36mGET /static/uploads/eb68604ff191a0c4_20260809.png HTTP/1.1[0m" 304 -
2026-08-09 13:45:29,086 [INFO] 127.0.0.1 - - [09/Aug/2026 13:45:29] "[36mGET /static/js/main.js HTTP/1.1[0m" 304 -
2026-08-09 13:45:29,089 [INFO] 127.0.0.1 - - [09/Aug/2026 13:45:29] "[36mGET /static/uploads/76cc2ce314903c76_20260809.png HTTP/1.1[0m" 304 -
2026-08-09 13:45:29,101 [INFO] 127.0.0.1 - - [09/Aug/2026 13:45:29] "[36mGET /static/uploads/b170cee5fbd41e69_20260809.png HTTP/1.1[0m" 304 -
2026-08-09 13:45:29,103 [INFO] 127.0.0.1 - - [09/Aug/2026 13:45:29] "[36mGET /static/uploads/8575e2e8d2f18ad5_20260809.png HTTP/1.1[0m" 304 -
2026-08-09 13:45:29,110 [INFO] 127.0.0.1 - - [09/Aug/2026 13:45:29] "[36mGET /static/uploads/7db5ede6818ab167_20260809.png HTTP/1.1[0m" 304 -
2026-08-09 13:45:29,121 [INFO] 127.0.0.1 - - [09/Aug/2026 13:45:29] "[36mGET /static/uploads/d162029c3955a864_20260809.png HTTP/1.1[0m" 304 -
2026-08-09 13:45:29,125 [INFO] 127.0.0.1 - - [09/Aug/2026 13:45:29] "[36mGET /static/uploads/12ebbb75ce50b886_20260809.png HTTP/1.1[0m" 304 -
2026-08-09 13:45:29,146 [INFO] 127.0.0.1 - - [09/Aug/2026 13:45:29] "[36mGET /static/uploads/2fc8983835a6680a_20260809.png HTTP/1.1[0m" 304 -
2026-08-09 13:45:29,148 [INFO] 127.0.0.1 - - [09/Aug/2026 13:45:29] "[36mGET /static/uploads/d714f47fd3575dd0_20260809.png HTTP/1.1[0m" 304 -
2026-08-09 13:45:29,151 [INFO] 127.0.0.1 - - [09/Aug/2026 13:45:29] "[36mGET /static/uploads/cc418aec70d76c00_20260809.png HTTP/1.1[0m" 304 -
2026-08-09 13:45:29,152 [INFO] 127.0.0.1 - - [09/Aug/2026 13:45:29] "GET /static/uploads/db05565a2cd5aec8_20260809.png HTTP/1.1" 200 -
2026-08-09 13:45:29,166 [INFO] 127.0.0.1 - - [09/Aug/2026 13:45:29] "[36mGET /static/uploads/1f1f1a223c74b36b_20260809.png HTTP/1.1[0m" 304 -
2026-08-09 13:45:29,168 [INFO] 127.0.0.1 - - [09/Aug/2026 13:45:29] "[36mGET /static/uploads/f2f52b59385aef46_20260809.png HTTP/1.1[0m" 304 -
2026-08-09 13:45:29,178 [INFO] 127.0.0.1 - - [09/Aug/2026 13:45:29] "[36mGET /static/uploads/19b43d9302537130_20260809.png HTTP/1.1[0m" 304 -
2026-08-09 13:45:29,181 [INFO] 127.0.0.1 - - [09/Aug/2026 13:45:29] "[36mGET /static/uploads/1bafb088ed2dfba8_20260809.png HTTP/1.1[0m" 304 -
2026-08-09 13:45:29,181 [INFO] 127.0.0.1 - - [09/Aug/2026 13:45:29] "[36mGET /static/uploads/50f38a42093157c8_20260809.png HTTP/1.1[0m" 304 -
2026-08-09 13:45:29,189 [INFO] 127.0.0.1 - - [09/Aug/2026 13:45:29] "[36mGET /static/uploads/00f6e467cf19cf95_20260809.png HTTP/1.1[0m" 304 -
2026-08-09 13:45:29,194 [INFO] 127.0.0.1 - - [09/Aug/2026 13:45:29] "[36mGET /static/uploads/f1a30021c45398c9_20260809.png HTTP/1.1[0m" 304 -
2026-08-09 13:45:29,199 [INFO] 127.0.0.1 - - [09/Aug/2026 13:45:29] "[36mGET /static/uploads/6ff37e05066f5cee_20260809.png HTTP/1.1[0m" 304 -
2026-08-09 13:45:43,250 [INFO] 127.0.0.1 - - [09/Aug/2026 13:45:43] "GET /admin/add/certificate HTTP/1.1" 200 -
2026-08-09 13:45:43,287 [INFO] 127.0.0.1 - - [09/Aug/2026 13:45:43] "[36mGET /static/css/style.css HTTP/1.1[0m" 304 -
2026-08-09 13:45:43,294 [INFO] 127.0.0.1 - - [09/Aug/2026 13:45:43] "[33mGET /static/profile.jpg HTTP/1.1[0m" 404 -
2026-08-09 13:45:43,317 [INFO] 127.0.0.1 - - [09/Aug/2026 13:45:43] "[36mGET /static/js/main.js HTTP/1.1[0m" 304 -
2026-08-09 13:46:34,426 [INFO] Item uploaded: 30 Days Java Fullstack Masterclass from Pantech eLearning by admin from 127.0.0.1
2026-08-09 13:46:34,429 [INFO] 127.0.0.1 - - [09/Aug/2026 13:46:34] "[32mPOST /admin/add/certificate HTTP/1.1[0m" 302 -
2026-08-09 13:46:34,444 [INFO] 127.0.0.1 - - [09/Aug/2026 13:46:34] "GET /admin HTTP/1.1" 200 -
2026-08-09 13:46:34,474 [INFO] 127.0.0.1 - - [09/Aug/2026 13:46:34] "[36mGET /static/css/style.css HTTP/1.1[0m" 304 -
2026-08-09 13:46:34,489 [INFO] 127.0.0.1 - - [09/Aug/2026 13:46:34] "[33mGET /static/profile.jpg HTTP/1.1[0m" 404 -
2026-08-09 13:46:34,503 [INFO] 127.0.0.1 - - [09/Aug/2026 13:46:34] "[36mGET /static/uploads/c677ac16a92a7ab6_20260809.png HTTP/1.1[0m" 304 -
2026-08-09 13:46:34,504 [INFO] 127.0.0.1 - - [09/Aug/2026 13:46:34] "[36mGET /static/uploads/db05565a2cd5aec8_20260809.png HTTP/1.1[0m" 304 -
2026-08-09 13:46:34,572 [INFO] 127.0.0.1 - - [09/Aug/2026 13:46:34] "[36mGET /static/uploads/5889b4f3b6426b72_20260809.png HTTP/1.1[0m" 304 -
2026-08-09 13:46:34,575 [INFO] 127.0.0.1 - - [09/Aug/2026 13:46:34] "[36mGET /static/uploads/6fa75660d7c6ba99_20260809.png HTTP/1.1[0m" 304 -
2026-08-09 13:46:34,591 [INFO] 127.0.0.1 - - [09/Aug/2026 13:46:34] "[36mGET /static/js/main.js HTTP/1.1[0m" 304 -
2026-08-09 13:46:34,597 [INFO] 127.0.0.1 - - [09/Aug/2026 13:46:34] "[36mGET /static/uploads/2667e8e9ff243507_20260809.png HTTP/1.1[0m" 304 -
2026-08-09 13:46:34,612 [INFO] 127.0.0.1 - - [09/Aug/2026 13:46:34] "[36mGET /static/uploads/eb68604ff191a0c4_20260809.png HTTP/1.1[0m" 304 -
2026-08-09 13:46:34,618 [INFO] 127.0.0.1 - - [09/Aug/2026 13:46:34] "[36mGET /static/uploads/76cc2ce314903c76_20260809.png HTTP/1.1[0m" 304 -
2026-08-09 13:46:34,631 [INFO] 127.0.0.1 - - [09/Aug/2026 13:46:34] "[36mGET /static/uploads/8575e2e8d2f18ad5_20260809.png HTTP/1.1[0m" 304 -
2026-08-09 13:46:34,634 [INFO] 127.0.0.1 - - [09/Aug/2026 13:46:34] "[36mGET /static/uploads/b170cee5fbd41e69_20260809.png HTTP/1.1[0m" 304 -
2026-08-09 13:46:34,640 [INFO] 127.0.0.1 - - [09/Aug/2026 13:46:34] "[36mGET /static/uploads/7db5ede6818ab167_20260809.png HTTP/1.1[0m" 304 -
2026-08-09 13:46:34,648 [INFO] 127.0.0.1 - - [09/Aug/2026 13:46:34] "[36mGET /static/uploads/d162029c3955a864_20260809.png HTTP/1.1[0m" 304 -
2026-08-09 13:46:34,662 [INFO] 127.0.0.1 - - [09/Aug/2026 13:46:34] "[36mGET /static/uploads/12ebbb75ce50b886_20260809.png HTTP/1.1[0m" 304 -
2026-08-09 13:46:34,682 [INFO] 127.0.0.1 - - [09/Aug/2026 13:46:34] "[36mGET /static/uploads/2fc8983835a6680a_20260809.png HTTP/1.1[0m" 304 -
2026-08-09 13:46:34,686 [INFO] 127.0.0.1 - - [09/Aug/2026 13:46:34] "GET /static/uploads/7de0d986c85a80a5_20260809.png HTTP/1.1" 200 -
2026-08-09 13:46:34,690 [INFO] 127.0.0.1 - - [09/Aug/2026 13:46:34] "[36mGET /static/uploads/d714f47fd3575dd0_20260809.png HTTP/1.1[0m" 304 -
2026-08-09 13:46:34,698 [INFO] 127.0.0.1 - - [09/Aug/2026 13:46:34] "[36mGET /static/uploads/cc418aec70d76c00_20260809.png HTTP/1.1[0m" 304 -
2026-08-09 13:46:34,704 [INFO] 127.0.0.1 - - [09/Aug/2026 13:46:34] "[36mGET /static/uploads/1f1f1a223c74b36b_20260809.png HTTP/1.1[0m" 304 -
2026-08-09 13:46:34,708 [INFO] 127.0.0.1 - - [09/Aug/2026 13:46:34] "[36mGET /static/uploads/f2f52b59385aef46_20260809.png HTTP/1.1[0m" 304 -
2026-08-09 13:46:34,713 [INFO] 127.0.0.1 - - [09/Aug/2026 13:46:34] "[36mGET /static/uploads/19b43d9302537130_20260809.png HTTP/1.1[0m" 304 -
2026-08-09 13:46:34,722 [INFO] 127.0.0.1 - - [09/Aug/2026 13:46:34] "[36mGET /static/uploads/1bafb088ed2dfba8_20260809.png HTTP/1.1[0m" 304 -
2026-08-09 13:46:34,730 [INFO] 127.0.0.1 - - [09/Aug/2026 13:46:34] "[36mGET /static/uploads/50f38a42093157c8_20260809.png HTTP/1.1[0m" 304 -
2026-08-09 13:46:34,731 [INFO] 127.0.0.1 - - [09/Aug/2026 13:46:34] "[36mGET /static/uploads/00f6e467cf19cf95_20260809.png HTTP/1.1[0m" 304 -
2026-08-09 13:46:34,737 [INFO] 127.0.0.1 - - [09/Aug/2026 13:46:34] "[36mGET /static/uploads/f1a30021c45398c9_20260809.png HTTP/1.1[0m" 304 -
2026-08-09 13:46:34,741 [INFO] 127.0.0.1 - - [09/Aug/2026 13:46:34] "[36mGET /static/uploads/6ff37e05066f5cee_20260809.png HTTP/1.1[0m" 304 -
2026-08-09 13:46:37,650 [INFO] 127.0.0.1 - - [09/Aug/2026 13:46:37] "GET /admin/add/certificate HTTP/1.1" 200 -
2026-08-09 13:46:37,691 [INFO] 127.0.0.1 - - [09/Aug/2026 13:46:37] "[36mGET /static/css/style.css HTTP/1.1[0m" 304 -
2026-08-09 13:46:37,696 [INFO] 127.0.0.1 - - [09/Aug/2026 13:46:37] "[33mGET /static/profile.jpg HTTP/1.1[0m" 404 -
2026-08-09 13:46:37,711 [INFO] 127.0.0.1 - - [09/Aug/2026 13:46:37] "[36mGET /static/js/main.js HTTP/1.1[0m" 304 -
2026-08-09 13:47:02,840 [INFO] Item uploaded: NDG Linux Unhatc Certificate by admin from 127.0.0.1
2026-08-09 13:47:02,841 [INFO] 127.0.0.1 - - [09/Aug/2026 13:47:02] "[32mPOST /admin/add/certificate HTTP/1.1[0m" 302 -
2026-08-09 13:47:02,855 [INFO] 127.0.0.1 - - [09/Aug/2026 13:47:02] "GET /admin HTTP/1.1" 200 -
2026-08-09 13:47:02,901 [INFO] 127.0.0.1 - - [09/Aug/2026 13:47:02] "[36mGET /static/css/style.css HTTP/1.1[0m" 304 -
2026-08-09 13:47:02,912 [INFO] 127.0.0.1 - - [09/Aug/2026 13:47:02] "[33mGET /static/profile.jpg HTTP/1.1[0m" 404 -
2026-08-09 13:47:02,918 [INFO] 127.0.0.1 - - [09/Aug/2026 13:47:02] "[36mGET /static/uploads/7de0d986c85a80a5_20260809.png HTTP/1.1[0m" 304 -
2026-08-09 13:47:02,924 [INFO] 127.0.0.1 - - [09/Aug/2026 13:47:02] "[36mGET /static/uploads/db05565a2cd5aec8_20260809.png HTTP/1.1[0m" 304 -
2026-08-09 13:47:02,925 [INFO] 127.0.0.1 - - [09/Aug/2026 13:47:02] "[36mGET /static/uploads/c677ac16a92a7ab6_20260809.png HTTP/1.1[0m" 304 -
2026-08-09 13:47:02,935 [INFO] 127.0.0.1 - - [09/Aug/2026 13:47:02] "[36mGET /static/uploads/5889b4f3b6426b72_20260809.png HTTP/1.1[0m" 304 -
2026-08-09 13:47:02,940 [INFO] 127.0.0.1 - - [09/Aug/2026 13:47:02] "[36mGET /static/uploads/6fa75660d7c6ba99_20260809.png HTTP/1.1[0m" 304 -
2026-08-09 13:47:02,942 [INFO] 127.0.0.1 - - [09/Aug/2026 13:47:02] "[36mGET /static/js/main.js HTTP/1.1[0m" 304 -
2026-08-09 13:47:02,953 [INFO] 127.0.0.1 - - [09/Aug/2026 13:47:02] "[36mGET /static/uploads/2667e8e9ff243507_20260809.png HTTP/1.1[0m" 304 -
2026-08-09 13:47:02,970 [INFO] 127.0.0.1 - - [09/Aug/2026 13:47:02] "[36mGET /static/uploads/eb68604ff191a0c4_20260809.png HTTP/1.1[0m" 304 -
2026-08-09 13:47:02,977 [INFO] 127.0.0.1 - - [09/Aug/2026 13:47:02] "[36mGET /static/uploads/76cc2ce314903c76_20260809.png HTTP/1.1[0m" 304 -
2026-08-09 13:47:02,981 [INFO] 127.0.0.1 - - [09/Aug/2026 13:47:02] "[36mGET /static/uploads/b170cee5fbd41e69_20260809.png HTTP/1.1[0m" 304 -
2026-08-09 13:47:02,995 [INFO] 127.0.0.1 - - [09/Aug/2026 13:47:02] "[36mGET /static/uploads/8575e2e8d2f18ad5_20260809.png HTTP/1.1[0m" 304 -
2026-08-09 13:47:03,003 [INFO] 127.0.0.1 - - [09/Aug/2026 13:47:03] "[36mGET /static/uploads/7db5ede6818ab167_20260809.png HTTP/1.1[0m" 304 -
2026-08-09 13:47:03,016 [INFO] 127.0.0.1 - - [09/Aug/2026 13:47:03] "[36mGET /static/uploads/d162029c3955a864_20260809.png HTTP/1.1[0m" 304 -
2026-08-09 13:47:03,022 [INFO] 127.0.0.1 - - [09/Aug/2026 13:47:03] "[36mGET /static/uploads/12ebbb75ce50b886_20260809.png HTTP/1.1[0m" 304 -
2026-08-09 13:47:03,026 [INFO] 127.0.0.1 - - [09/Aug/2026 13:47:03] "[36mGET /static/uploads/2fc8983835a6680a_20260809.png HTTP/1.1[0m" 304 -
2026-08-09 13:47:03,035 [INFO] 127.0.0.1 - - [09/Aug/2026 13:47:03] "[36mGET /static/uploads/d714f47fd3575dd0_20260809.png HTTP/1.1[0m" 304 -
2026-08-09 13:47:03,041 [INFO] 127.0.0.1 - - [09/Aug/2026 13:47:03] "[36mGET /static/uploads/cc418aec70d76c00_20260809.png HTTP/1.1[0m" 304 -
2026-08-09 13:47:03,046 [INFO] 127.0.0.1 - - [09/Aug/2026 13:47:03] "[36mGET /static/uploads/1f1f1a223c74b36b_20260809.png HTTP/1.1[0m" 304 -
2026-08-09 13:47:03,051 [INFO] 127.0.0.1 - - [09/Aug/2026 13:47:03] "[36mGET /static/uploads/19b43d9302537130_20260809.png HTTP/1.1[0m" 304 -
2026-08-09 13:47:03,054 [INFO] 127.0.0.1 - - [09/Aug/2026 13:47:03] "[36mGET /static/uploads/f2f52b59385aef46_20260809.png HTTP/1.1[0m" 304 -
2026-08-09 13:47:03,059 [INFO] 127.0.0.1 - - [09/Aug/2026 13:47:03] "[36mGET /static/uploads/1bafb088ed2dfba8_20260809.png HTTP/1.1[0m" 304 -
2026-08-09 13:47:03,060 [INFO] 127.0.0.1 - - [09/Aug/2026 13:47:03] "GET /static/uploads/dc3f5b6fe00aed5b_20260809.png HTTP/1.1" 200 -
2026-08-09 13:47:03,067 [INFO] 127.0.0.1 - - [09/Aug/2026 13:47:03] "[36mGET /static/uploads/50f38a42093157c8_20260809.png HTTP/1.1[0m" 304 -
2026-08-09 13:47:03,072 [INFO] 127.0.0.1 - - [09/Aug/2026 13:47:03] "[36mGET /static/uploads/00f6e467cf19cf95_20260809.png HTTP/1.1[0m" 304 -
2026-08-09 13:47:03,079 [INFO] 127.0.0.1 - - [09/Aug/2026 13:47:03] "[36mGET /static/uploads/f1a30021c45398c9_20260809.png HTTP/1.1[0m" 304 -
2026-08-09 13:47:03,081 [INFO] 127.0.0.1 - - [09/Aug/2026 13:47:03] "[36mGET /static/uploads/6ff37e05066f5cee_20260809.png HTTP/1.1[0m" 304 -
2026-08-09 13:47:06,711 [INFO] 127.0.0.1 - - [09/Aug/2026 13:47:06] "GET /admin/add/certificate HTTP/1.1" 200 -
2026-08-09 13:47:06,748 [INFO] 127.0.0.1 - - [09/Aug/2026 13:47:06] "[36mGET /static/css/style.css HTTP/1.1[0m" 304 -
2026-08-09 13:47:06,757 [INFO] 127.0.0.1 - - [09/Aug/2026 13:47:06] "[33mGET /static/profile.jpg HTTP/1.1[0m" 404 -
2026-08-09 13:47:06,776 [INFO] 127.0.0.1 - - [09/Aug/2026 13:47:06] "[36mGET /static/js/main.js HTTP/1.1[0m" 304 -
2026-08-09 13:47:26,983 [INFO] 127.0.0.1 - - [09/Aug/2026 13:47:26] "[33mGET /admin/ HTTP/1.1[0m" 404 -
2026-08-09 13:47:29,893 [INFO] 127.0.0.1 - - [09/Aug/2026 13:47:29] "GET /admin HTTP/1.1" 200 -
2026-08-09 13:47:29,945 [INFO] 127.0.0.1 - - [09/Aug/2026 13:47:29] "[36mGET /static/css/style.css HTTP/1.1[0m" 304 -
2026-08-09 13:47:29,951 [INFO] 127.0.0.1 - - [09/Aug/2026 13:47:29] "[33mGET /static/profile.jpg HTTP/1.1[0m" 404 -
2026-08-09 13:47:29,957 [INFO] 127.0.0.1 - - [09/Aug/2026 13:47:29] "[36mGET /static/js/main.js HTTP/1.1[0m" 304 -
2026-08-09 13:47:30,189 [INFO] 127.0.0.1 - - [09/Aug/2026 13:47:30] "[36mGET /static/uploads/dc3f5b6fe00aed5b_20260809.png HTTP/1.1[0m" 304 -
2026-08-09 13:47:30,189 [INFO] 127.0.0.1 - - [09/Aug/2026 13:47:30] "[36mGET /static/uploads/7de0d986c85a80a5_20260809.png HTTP/1.1[0m" 304 -
2026-08-09 13:47:30,191 [INFO] 127.0.0.1 - - [09/Aug/2026 13:47:30] "[36mGET /static/uploads/db05565a2cd5aec8_20260809.png HTTP/1.1[0m" 304 -
2026-08-09 13:47:30,194 [INFO] 127.0.0.1 - - [09/Aug/2026 13:47:30] "[36mGET /static/uploads/c677ac16a92a7ab6_20260809.png HTTP/1.1[0m" 304 -
2026-08-09 13:47:30,200 [INFO] 127.0.0.1 - - [09/Aug/2026 13:47:30] "[36mGET /static/uploads/5889b4f3b6426b72_20260809.png HTTP/1.1[0m" 304 -
2026-08-09 13:47:30,213 [INFO] 127.0.0.1 - - [09/Aug/2026 13:47:30] "[36mGET /static/uploads/6fa75660d7c6ba99_20260809.png HTTP/1.1[0m" 304 -
2026-08-09 13:47:30,220 [INFO] 127.0.0.1 - - [09/Aug/2026 13:47:30] "[36mGET /static/uploads/2667e8e9ff243507_20260809.png HTTP/1.1[0m" 304 -
2026-08-09 13:47:30,227 [INFO] 127.0.0.1 - - [09/Aug/2026 13:47:30] "[36mGET /static/uploads/eb68604ff191a0c4_20260809.png HTTP/1.1[0m" 304 -
2026-08-09 13:47:30,237 [INFO] 127.0.0.1 - - [09/Aug/2026 13:47:30] "[36mGET /static/uploads/76cc2ce314903c76_20260809.png HTTP/1.1[0m" 304 -
2026-08-09 13:47:30,243 [INFO] 127.0.0.1 - - [09/Aug/2026 13:47:30] "[36mGET /static/uploads/b170cee5fbd41e69_20260809.png HTTP/1.1[0m" 304 -
2026-08-09 13:47:30,250 [INFO] 127.0.0.1 - - [09/Aug/2026 13:47:30] "[36mGET /static/uploads/8575e2e8d2f18ad5_20260809.png HTTP/1.1[0m" 304 -
2026-08-09 13:47:30,253 [INFO] 127.0.0.1 - - [09/Aug/2026 13:47:30] "[36mGET /static/uploads/7db5ede6818ab167_20260809.png HTTP/1.1[0m" 304 -
2026-08-09 13:47:35,327 [INFO] 127.0.0.1 - - [09/Aug/2026 13:47:35] "[36mGET /static/uploads/d162029c3955a864_20260809.png HTTP/1.1[0m" 304 -
2026-08-09 13:47:35,334 [INFO] 127.0.0.1 - - [09/Aug/2026 13:47:35] "[36mGET /static/uploads/12ebbb75ce50b886_20260809.png HTTP/1.1[0m" 304 -
2026-08-09 13:47:35,335 [INFO] 127.0.0.1 - - [09/Aug/2026 13:47:35] "[36mGET /static/uploads/2fc8983835a6680a_20260809.png HTTP/1.1[0m" 304 -
2026-08-09 13:47:35,537 [INFO] 127.0.0.1 - - [09/Aug/2026 13:47:35] "[36mGET /static/uploads/d714f47fd3575dd0_20260809.png HTTP/1.1[0m" 304 -
2026-08-09 13:47:35,538 [INFO] 127.0.0.1 - - [09/Aug/2026 13:47:35] "[36mGET /static/uploads/cc418aec70d76c00_20260809.png HTTP/1.1[0m" 304 -
2026-08-09 13:47:35,540 [INFO] 127.0.0.1 - - [09/Aug/2026 13:47:35] "[36mGET /static/uploads/1f1f1a223c74b36b_20260809.png HTTP/1.1[0m" 304 -
2026-08-09 13:47:35,937 [INFO] 127.0.0.1 - - [09/Aug/2026 13:47:35] "[36mGET /static/uploads/f2f52b59385aef46_20260809.png HTTP/1.1[0m" 304 -
2026-08-09 13:47:35,938 [INFO] 127.0.0.1 - - [09/Aug/2026 13:47:35] "[36mGET /static/uploads/19b43d9302537130_20260809.png HTTP/1.1[0m" 304 -
2026-08-09 13:47:35,946 [INFO] 127.0.0.1 - - [09/Aug/2026 13:47:35] "[36mGET /static/uploads/00f6e467cf19cf95_20260809.png HTTP/1.1[0m" 304 -
2026-08-09 13:47:35,947 [INFO] 127.0.0.1 - - [09/Aug/2026 13:47:35] "[36mGET /static/uploads/50f38a42093157c8_20260809.png HTTP/1.1[0m" 304 -
2026-08-09 13:47:35,956 [INFO] 127.0.0.1 - - [09/Aug/2026 13:47:35] "[36mGET /static/uploads/f1a30021c45398c9_20260809.png HTTP/1.1[0m" 304 -
2026-08-09 13:47:35,966 [INFO] 127.0.0.1 - - [09/Aug/2026 13:47:35] "[36mGET /static/uploads/1bafb088ed2dfba8_20260809.png HTTP/1.1[0m" 304 -
2026-08-09 13:47:36,188 [INFO] 127.0.0.1 - - [09/Aug/2026 13:47:36] "[36mGET /static/uploads/6ff37e05066f5cee_20260809.png HTTP/1.1[0m" 304 -
2026-08-09 13:48:44,838 [INFO] 127.0.0.1 - - [09/Aug/2026 13:48:44] "GET /admin/add/certificate HTTP/1.1" 200 -
2026-08-09 13:48:44,872 [INFO] 127.0.0.1 - - [09/Aug/2026 13:48:44] "[36mGET /static/css/style.css HTTP/1.1[0m" 304 -
2026-08-09 13:48:44,884 [INFO] 127.0.0.1 - - [09/Aug/2026 13:48:44] "[33mGET /static/profile.jpg HTTP/1.1[0m" 404 -
2026-08-09 13:48:44,910 [INFO] 127.0.0.1 - - [09/Aug/2026 13:48:44] "[36mGET /static/js/main.js HTTP/1.1[0m" 304 -
2026-08-09 13:49:01,642 [INFO] 127.0.0.1 - - [09/Aug/2026 13:49:01] "GET /admin HTTP/1.1" 200 -
2026-08-09 13:49:01,694 [INFO] 127.0.0.1 - - [09/Aug/2026 13:49:01] "[36mGET /static/css/style.css HTTP/1.1[0m" 304 -
2026-08-09 13:49:01,699 [INFO] 127.0.0.1 - - [09/Aug/2026 13:49:01] "[33mGET /static/profile.jpg HTTP/1.1[0m" 404 -
2026-08-09 13:49:01,706 [INFO] 127.0.0.1 - - [09/Aug/2026 13:49:01] "[36mGET /static/js/main.js HTTP/1.1[0m" 304 -
2026-08-09 13:49:02,143 [INFO] 127.0.0.1 - - [09/Aug/2026 13:49:02] "[36mGET /static/uploads/dc3f5b6fe00aed5b_20260809.png HTTP/1.1[0m" 304 -
2026-08-09 13:49:02,150 [INFO] 127.0.0.1 - - [09/Aug/2026 13:49:02] "[36mGET /static/uploads/6fa75660d7c6ba99_20260809.png HTTP/1.1[0m" 304 -
2026-08-09 13:49:02,161 [INFO] 127.0.0.1 - - [09/Aug/2026 13:49:02] "[36mGET /static/uploads/5889b4f3b6426b72_20260809.png HTTP/1.1[0m" 304 -
2026-08-09 13:49:02,175 [INFO] 127.0.0.1 - - [09/Aug/2026 13:49:02] "[36mGET /static/uploads/db05565a2cd5aec8_20260809.png HTTP/1.1[0m" 304 -
2026-08-09 13:49:02,176 [INFO] 127.0.0.1 - - [09/Aug/2026 13:49:02] "[36mGET /static/uploads/c677ac16a92a7ab6_20260809.png HTTP/1.1[0m" 304 -
2026-08-09 13:49:02,187 [INFO] 127.0.0.1 - - [09/Aug/2026 13:49:02] "[36mGET /static/uploads/7de0d986c85a80a5_20260809.png HTTP/1.1[0m" 304 -
2026-08-09 13:49:02,196 [INFO] 127.0.0.1 - - [09/Aug/2026 13:49:02] "[36mGET /static/uploads/2667e8e9ff243507_20260809.png HTTP/1.1[0m" 304 -
2026-08-09 13:49:02,200 [INFO] 127.0.0.1 - - [09/Aug/2026 13:49:02] "[36mGET /static/uploads/eb68604ff191a0c4_20260809.png HTTP/1.1[0m" 304 -
2026-08-09 13:49:02,211 [INFO] 127.0.0.1 - - [09/Aug/2026 13:49:02] "[36mGET /static/uploads/76cc2ce314903c76_20260809.png HTTP/1.1[0m" 304 -
2026-08-09 13:49:02,218 [INFO] 127.0.0.1 - - [09/Aug/2026 13:49:02] "[36mGET /static/uploads/b170cee5fbd41e69_20260809.png HTTP/1.1[0m" 304 -
2026-08-09 13:49:02,224 [INFO] 127.0.0.1 - - [09/Aug/2026 13:49:02] "[36mGET /static/uploads/8575e2e8d2f18ad5_20260809.png HTTP/1.1[0m" 304 -
2026-08-09 13:49:02,232 [INFO] 127.0.0.1 - - [09/Aug/2026 13:49:02] "[36mGET /static/uploads/7db5ede6818ab167_20260809.png HTTP/1.1[0m" 304 -
2026-08-09 13:49:02,234 [INFO] 127.0.0.1 - - [09/Aug/2026 13:49:02] "[36mGET /static/uploads/12ebbb75ce50b886_20260809.png HTTP/1.1[0m" 304 -
2026-08-09 13:49:02,234 [INFO] 127.0.0.1 - - [09/Aug/2026 13:49:02] "[36mGET /static/uploads/d162029c3955a864_20260809.png HTTP/1.1[0m" 304 -
2026-08-09 13:49:02,246 [INFO] 127.0.0.1 - - [09/Aug/2026 13:49:02] "[36mGET /static/uploads/2fc8983835a6680a_20260809.png HTTP/1.1[0m" 304 -
2026-08-09 13:49:02,261 [INFO] 127.0.0.1 - - [09/Aug/2026 13:49:02] "[36mGET /static/uploads/cc418aec70d76c00_20260809.png HTTP/1.1[0m" 304 -
2026-08-09 13:49:02,265 [INFO] 127.0.0.1 - - [09/Aug/2026 13:49:02] "[36mGET /static/uploads/d714f47fd3575dd0_20260809.png HTTP/1.1[0m" 304 -
2026-08-09 13:49:02,268 [INFO] 127.0.0.1 - - [09/Aug/2026 13:49:02] "[36mGET /static/uploads/1f1f1a223c74b36b_20260809.png HTTP/1.1[0m" 304 -
2026-08-09 13:49:02,275 [INFO] 127.0.0.1 - - [09/Aug/2026 13:49:02] "[36mGET /static/uploads/f2f52b59385aef46_20260809.png HTTP/1.1[0m" 304 -
2026-08-09 13:49:02,277 [INFO] 127.0.0.1 - - [09/Aug/2026 13:49:02] "[36mGET /static/uploads/19b43d9302537130_20260809.png HTTP/1.1[0m" 304 -
2026-08-09 13:49:02,282 [INFO] 127.0.0.1 - - [09/Aug/2026 13:49:02] "[36mGET /static/uploads/1bafb088ed2dfba8_20260809.png HTTP/1.1[0m" 304 -
2026-08-09 13:49:03,050 [INFO] 127.0.0.1 - - [09/Aug/2026 13:49:03] "[36mGET /static/uploads/00f6e467cf19cf95_20260809.png HTTP/1.1[0m" 304 -
2026-08-09 13:49:03,050 [INFO] 127.0.0.1 - - [09/Aug/2026 13:49:03] "[36mGET /static/uploads/50f38a42093157c8_20260809.png HTTP/1.1[0m" 304 -
2026-08-09 13:49:03,052 [INFO] 127.0.0.1 - - [09/Aug/2026 13:49:03] "[36mGET /static/uploads/f1a30021c45398c9_20260809.png HTTP/1.1[0m" 304 -
2026-08-09 13:49:03,482 [INFO] 127.0.0.1 - - [09/Aug/2026 13:49:03] "[36mGET /static/uploads/6ff37e05066f5cee_20260809.png HTTP/1.1[0m" 304 -
2026-08-09 13:49:45,970 [INFO] 127.0.0.1 - - [09/Aug/2026 13:49:45] "GET /admin/add/certificate HTTP/1.1" 200 -
2026-08-09 13:49:45,994 [INFO] 127.0.0.1 - - [09/Aug/2026 13:49:45] "[36mGET /static/css/style.css HTTP/1.1[0m" 304 -
2026-08-09 13:49:46,008 [INFO] 127.0.0.1 - - [09/Aug/2026 13:49:46] "[33mGET /static/profile.jpg HTTP/1.1[0m" 404 -
2026-08-09 13:49:46,038 [INFO] 127.0.0.1 - - [09/Aug/2026 13:49:46] "[36mGET /static/js/main.js HTTP/1.1[0m" 304 -
2026-08-09 13:50:17,163 [INFO] Item uploaded: ISEA Digital Certificate – Online Quiz on WhatsApp Security: by admin from 127.0.0.1
2026-08-09 13:50:17,165 [INFO] 127.0.0.1 - - [09/Aug/2026 13:50:17] "[32mPOST /admin/add/certificate HTTP/1.1[0m" 302 -
2026-08-09 13:50:17,176 [INFO] 127.0.0.1 - - [09/Aug/2026 13:50:17] "GET /admin HTTP/1.1" 200 -
2026-08-09 13:50:17,202 [INFO] 127.0.0.1 - - [09/Aug/2026 13:50:17] "[36mGET /static/css/style.css HTTP/1.1[0m" 304 -
2026-08-09 13:50:17,214 [INFO] 127.0.0.1 - - [09/Aug/2026 13:50:17] "[33mGET /static/profile.jpg HTTP/1.1[0m" 404 -
2026-08-09 13:50:17,222 [INFO] 127.0.0.1 - - [09/Aug/2026 13:50:17] "[36mGET /static/uploads/7de0d986c85a80a5_20260809.png HTTP/1.1[0m" 304 -
2026-08-09 13:50:17,224 [INFO] 127.0.0.1 - - [09/Aug/2026 13:50:17] "[36mGET /static/uploads/dc3f5b6fe00aed5b_20260809.png HTTP/1.1[0m" 304 -
2026-08-09 13:50:17,230 [INFO] 127.0.0.1 - - [09/Aug/2026 13:50:17] "[36mGET /static/uploads/c677ac16a92a7ab6_20260809.png HTTP/1.1[0m" 304 -
2026-08-09 13:50:17,231 [INFO] 127.0.0.1 - - [09/Aug/2026 13:50:17] "[36mGET /static/uploads/db05565a2cd5aec8_20260809.png HTTP/1.1[0m" 304 -
2026-08-09 13:50:17,234 [INFO] 127.0.0.1 - - [09/Aug/2026 13:50:17] "[36mGET /static/uploads/5889b4f3b6426b72_20260809.png HTTP/1.1[0m" 304 -
2026-08-09 13:50:17,242 [INFO] 127.0.0.1 - - [09/Aug/2026 13:50:17] "[36mGET /static/js/main.js HTTP/1.1[0m" 304 -
2026-08-09 13:50:17,248 [INFO] 127.0.0.1 - - [09/Aug/2026 13:50:17] "[36mGET /static/uploads/6fa75660d7c6ba99_20260809.png HTTP/1.1[0m" 304 -
2026-08-09 13:50:17,252 [INFO] 127.0.0.1 - - [09/Aug/2026 13:50:17] "[36mGET /static/uploads/2667e8e9ff243507_20260809.png HTTP/1.1[0m" 304 -
2026-08-09 13:50:17,258 [INFO] 127.0.0.1 - - [09/Aug/2026 13:50:17] "[36mGET /static/uploads/eb68604ff191a0c4_20260809.png HTTP/1.1[0m" 304 -
2026-08-09 13:50:17,261 [INFO] 127.0.0.1 - - [09/Aug/2026 13:50:17] "[36mGET /static/uploads/76cc2ce314903c76_20260809.png HTTP/1.1[0m" 304 -
2026-08-09 13:50:17,264 [INFO] 127.0.0.1 - - [09/Aug/2026 13:50:17] "[36mGET /static/uploads/b170cee5fbd41e69_20260809.png HTTP/1.1[0m" 304 -
2026-08-09 13:50:17,271 [INFO] 127.0.0.1 - - [09/Aug/2026 13:50:17] "[36mGET /static/uploads/8575e2e8d2f18ad5_20260809.png HTTP/1.1[0m" 304 -
2026-08-09 13:50:17,286 [INFO] 127.0.0.1 - - [09/Aug/2026 13:50:17] "[36mGET /static/uploads/d162029c3955a864_20260809.png HTTP/1.1[0m" 304 -
2026-08-09 13:50:17,292 [INFO] 127.0.0.1 - - [09/Aug/2026 13:50:17] "[36mGET /static/uploads/7db5ede6818ab167_20260809.png HTTP/1.1[0m" 304 -
2026-08-09 13:50:17,292 [INFO] 127.0.0.1 - - [09/Aug/2026 13:50:17] "[36mGET /static/uploads/12ebbb75ce50b886_20260809.png HTTP/1.1[0m" 304 -
2026-08-09 13:50:17,295 [INFO] 127.0.0.1 - - [09/Aug/2026 13:50:17] "[36mGET /static/uploads/2fc8983835a6680a_20260809.png HTTP/1.1[0m" 304 -
2026-08-09 13:50:17,301 [INFO] 127.0.0.1 - - [09/Aug/2026 13:50:17] "[36mGET /static/uploads/d714f47fd3575dd0_20260809.png HTTP/1.1[0m" 304 -
2026-08-09 13:50:17,309 [INFO] 127.0.0.1 - - [09/Aug/2026 13:50:17] "[36mGET /static/uploads/cc418aec70d76c00_20260809.png HTTP/1.1[0m" 304 -
2026-08-09 13:50:17,330 [INFO] 127.0.0.1 - - [09/Aug/2026 13:50:17] "[36mGET /static/uploads/1f1f1a223c74b36b_20260809.png HTTP/1.1[0m" 304 -
2026-08-09 13:50:17,335 [INFO] 127.0.0.1 - - [09/Aug/2026 13:50:17] "[36mGET /static/uploads/f2f52b59385aef46_20260809.png HTTP/1.1[0m" 304 -
2026-08-09 13:50:17,345 [INFO] 127.0.0.1 - - [09/Aug/2026 13:50:17] "[36mGET /static/uploads/19b43d9302537130_20260809.png HTTP/1.1[0m" 304 -
2026-08-09 13:50:17,351 [INFO] 127.0.0.1 - - [09/Aug/2026 13:50:17] "[36mGET /static/uploads/1bafb088ed2dfba8_20260809.png HTTP/1.1[0m" 304 -
2026-08-09 13:50:17,354 [INFO] 127.0.0.1 - - [09/Aug/2026 13:50:17] "[36mGET /static/uploads/50f38a42093157c8_20260809.png HTTP/1.1[0m" 304 -
2026-08-09 13:50:17,355 [INFO] 127.0.0.1 - - [09/Aug/2026 13:50:17] "GET /static/uploads/604cca848fd5f441_20260809.png HTTP/1.1" 200 -
2026-08-09 13:50:17,360 [INFO] 127.0.0.1 - - [09/Aug/2026 13:50:17] "[36mGET /static/uploads/00f6e467cf19cf95_20260809.png HTTP/1.1[0m" 304 -
2026-08-09 13:50:17,371 [INFO] 127.0.0.1 - - [09/Aug/2026 13:50:17] "[36mGET /static/uploads/f1a30021c45398c9_20260809.png HTTP/1.1[0m" 304 -
2026-08-09 13:50:17,371 [INFO] 127.0.0.1 - - [09/Aug/2026 13:50:17] "[36mGET /static/uploads/6ff37e05066f5cee_20260809.png HTTP/1.1[0m" 304 -
2026-08-09 13:50:21,183 [INFO] 127.0.0.1 - - [09/Aug/2026 13:50:21] "GET /admin/add/certificate HTTP/1.1" 200 -
2026-08-09 13:50:21,219 [INFO] 127.0.0.1 - - [09/Aug/2026 13:50:21] "[36mGET /static/css/style.css HTTP/1.1[0m" 304 -
2026-08-09 13:50:21,219 [INFO] 127.0.0.1 - - [09/Aug/2026 13:50:21] "[33mGET /static/profile.jpg HTTP/1.1[0m" 404 -
2026-08-09 13:50:21,241 [INFO] 127.0.0.1 - - [09/Aug/2026 13:50:21] "[36mGET /static/js/main.js HTTP/1.1[0m" 304 -
2026-08-09 13:50:44,990 [INFO] Item uploaded: ISEA Digital_CyberHygine by admin from 127.0.0.1
2026-08-09 13:50:44,992 [INFO] 127.0.0.1 - - [09/Aug/2026 13:50:44] "[32mPOST /admin/add/certificate HTTP/1.1[0m" 302 -
2026-08-09 13:50:45,006 [INFO] 127.0.0.1 - - [09/Aug/2026 13:50:45] "GET /admin HTTP/1.1" 200 -
2026-08-09 13:50:45,033 [INFO] 127.0.0.1 - - [09/Aug/2026 13:50:45] "[36mGET /static/css/style.css HTTP/1.1[0m" 304 -
2026-08-09 13:50:45,046 [INFO] 127.0.0.1 - - [09/Aug/2026 13:50:45] "[33mGET /static/profile.jpg HTTP/1.1[0m" 404 -
2026-08-09 13:50:45,050 [INFO] 127.0.0.1 - - [09/Aug/2026 13:50:45] "[36mGET /static/uploads/604cca848fd5f441_20260809.png HTTP/1.1[0m" 304 -
2026-08-09 13:50:45,053 [INFO] 127.0.0.1 - - [09/Aug/2026 13:50:45] "[36mGET /static/uploads/dc3f5b6fe00aed5b_20260809.png HTTP/1.1[0m" 304 -
2026-08-09 13:50:45,057 [INFO] 127.0.0.1 - - [09/Aug/2026 13:50:45] "[36mGET /static/uploads/7de0d986c85a80a5_20260809.png HTTP/1.1[0m" 304 -
2026-08-09 13:50:45,062 [INFO] 127.0.0.1 - - [09/Aug/2026 13:50:45] "[36mGET /static/uploads/db05565a2cd5aec8_20260809.png HTTP/1.1[0m" 304 -
2026-08-09 13:50:45,070 [INFO] 127.0.0.1 - - [09/Aug/2026 13:50:45] "[36mGET /static/js/main.js HTTP/1.1[0m" 304 -
2026-08-09 13:50:45,071 [INFO] 127.0.0.1 - - [09/Aug/2026 13:50:45] "[36mGET /static/uploads/c677ac16a92a7ab6_20260809.png HTTP/1.1[0m" 304 -
2026-08-09 13:50:45,078 [INFO] 127.0.0.1 - - [09/Aug/2026 13:50:45] "[36mGET /static/uploads/5889b4f3b6426b72_20260809.png HTTP/1.1[0m" 304 -
2026-08-09 13:50:45,087 [INFO] 127.0.0.1 - - [09/Aug/2026 13:50:45] "[36mGET /static/uploads/6fa75660d7c6ba99_20260809.png HTTP/1.1[0m" 304 -
2026-08-09 13:50:45,095 [INFO] 127.0.0.1 - - [09/Aug/2026 13:50:45] "[36mGET /static/uploads/2667e8e9ff243507_20260809.png HTTP/1.1[0m" 304 -
2026-08-09 13:50:45,121 [INFO] 127.0.0.1 - - [09/Aug/2026 13:50:45] "[36mGET /static/uploads/eb68604ff191a0c4_20260809.png HTTP/1.1[0m" 304 -
2026-08-09 13:50:45,124 [INFO] 127.0.0.1 - - [09/Aug/2026 13:50:45] "[36mGET /static/uploads/76cc2ce314903c76_20260809.png HTTP/1.1[0m" 304 -
2026-08-09 13:50:45,135 [INFO] 127.0.0.1 - - [09/Aug/2026 13:50:45] "[36mGET /static/uploads/b170cee5fbd41e69_20260809.png HTTP/1.1[0m" 304 -
2026-08-09 13:50:45,142 [INFO] 127.0.0.1 - - [09/Aug/2026 13:50:45] "[36mGET /static/uploads/8575e2e8d2f18ad5_20260809.png HTTP/1.1[0m" 304 -
2026-08-09 13:50:45,145 [INFO] 127.0.0.1 - - [09/Aug/2026 13:50:45] "[36mGET /static/uploads/7db5ede6818ab167_20260809.png HTTP/1.1[0m" 304 -
2026-08-09 13:50:45,151 [INFO] 127.0.0.1 - - [09/Aug/2026 13:50:45] "[36mGET /static/uploads/d162029c3955a864_20260809.png HTTP/1.1[0m" 304 -
2026-08-09 13:50:45,156 [INFO] 127.0.0.1 - - [09/Aug/2026 13:50:45] "[36mGET /static/uploads/12ebbb75ce50b886_20260809.png HTTP/1.1[0m" 304 -
2026-08-09 13:50:45,157 [INFO] 127.0.0.1 - - [09/Aug/2026 13:50:45] "GET /static/uploads/16ede969e9777af1_20260809.png HTTP/1.1" 200 -
2026-08-09 13:50:45,164 [INFO] 127.0.0.1 - - [09/Aug/2026 13:50:45] "[36mGET /static/uploads/2fc8983835a6680a_20260809.png HTTP/1.1[0m" 304 -
2026-08-09 13:50:45,170 [INFO] 127.0.0.1 - - [09/Aug/2026 13:50:45] "[36mGET /static/uploads/d714f47fd3575dd0_20260809.png HTTP/1.1[0m" 304 -
2026-08-09 13:50:45,173 [INFO] 127.0.0.1 - - [09/Aug/2026 13:50:45] "[36mGET /static/uploads/cc418aec70d76c00_20260809.png HTTP/1.1[0m" 304 -
2026-08-09 13:50:45,176 [INFO] 127.0.0.1 - - [09/Aug/2026 13:50:45] "[36mGET /static/uploads/1f1f1a223c74b36b_20260809.png HTTP/1.1[0m" 304 -
2026-08-09 13:50:45,186 [INFO] 127.0.0.1 - - [09/Aug/2026 13:50:45] "[36mGET /static/uploads/f2f52b59385aef46_20260809.png HTTP/1.1[0m" 304 -
2026-08-09 13:50:45,191 [INFO] 127.0.0.1 - - [09/Aug/2026 13:50:45] "[36mGET /static/uploads/19b43d9302537130_20260809.png HTTP/1.1[0m" 304 -
2026-08-09 13:50:45,197 [INFO] 127.0.0.1 - - [09/Aug/2026 13:50:45] "[36mGET /static/uploads/1bafb088ed2dfba8_20260809.png HTTP/1.1[0m" 304 -
2026-08-09 13:50:45,204 [INFO] 127.0.0.1 - - [09/Aug/2026 13:50:45] "[36mGET /static/uploads/50f38a42093157c8_20260809.png HTTP/1.1[0m" 304 -
2026-08-09 13:50:45,210 [INFO] 127.0.0.1 - - [09/Aug/2026 13:50:45] "[36mGET /static/uploads/00f6e467cf19cf95_20260809.png HTTP/1.1[0m" 304 -
2026-08-09 13:50:45,215 [INFO] 127.0.0.1 - - [09/Aug/2026 13:50:45] "[36mGET /static/uploads/f1a30021c45398c9_20260809.png HTTP/1.1[0m" 304 -
2026-08-09 13:50:45,218 [INFO] 127.0.0.1 - - [09/Aug/2026 13:50:45] "[36mGET /static/uploads/6ff37e05066f5cee_20260809.png HTTP/1.1[0m" 304 -
2026-08-09 13:55:33,079 [INFO] 127.0.0.1 - - [09/Aug/2026 13:55:33] "GET /admin HTTP/1.1" 200 -
2026-08-09 13:55:33,141 [INFO] 127.0.0.1 - - [09/Aug/2026 13:55:33] "[36mGET /static/css/style.css HTTP/1.1[0m" 304 -
2026-08-09 13:55:33,144 [INFO] 127.0.0.1 - - [09/Aug/2026 13:55:33] "[33mGET /static/profile.jpg HTTP/1.1[0m" 404 -
2026-08-09 13:55:33,149 [INFO] 127.0.0.1 - - [09/Aug/2026 13:55:33] "[36mGET /static/uploads/604cca848fd5f441_20260809.png HTTP/1.1[0m" 304 -
2026-08-09 13:55:33,157 [INFO] 127.0.0.1 - - [09/Aug/2026 13:55:33] "[36mGET /static/uploads/16ede969e9777af1_20260809.png HTTP/1.1[0m" 304 -
2026-08-09 13:55:33,160 [INFO] 127.0.0.1 - - [09/Aug/2026 13:55:33] "[36mGET /static/uploads/dc3f5b6fe00aed5b_20260809.png HTTP/1.1[0m" 304 -
2026-08-09 13:55:33,161 [INFO] 127.0.0.1 - - [09/Aug/2026 13:55:33] "[36mGET /static/uploads/7de0d986c85a80a5_20260809.png HTTP/1.1[0m" 304 -
2026-08-09 13:55:33,170 [INFO] 127.0.0.1 - - [09/Aug/2026 13:55:33] "[36mGET /static/js/main.js HTTP/1.1[0m" 304 -
2026-08-09 13:55:33,175 [INFO] 127.0.0.1 - - [09/Aug/2026 13:55:33] "[36mGET /static/uploads/db05565a2cd5aec8_20260809.png HTTP/1.1[0m" 304 -
2026-08-09 13:55:33,182 [INFO] 127.0.0.1 - - [09/Aug/2026 13:55:33] "[36mGET /static/uploads/5889b4f3b6426b72_20260809.png HTTP/1.1[0m" 304 -
2026-08-09 13:55:33,194 [INFO] 127.0.0.1 - - [09/Aug/2026 13:55:33] "[36mGET /static/uploads/c677ac16a92a7ab6_20260809.png HTTP/1.1[0m" 304 -
2026-08-09 13:55:33,198 [INFO] 127.0.0.1 - - [09/Aug/2026 13:55:33] "[36mGET /static/uploads/6fa75660d7c6ba99_20260809.png HTTP/1.1[0m" 304 -
2026-08-09 13:55:33,209 [INFO] 127.0.0.1 - - [09/Aug/2026 13:55:33] "[36mGET /static/uploads/2667e8e9ff243507_20260809.png HTTP/1.1[0m" 304 -
2026-08-09 13:55:33,213 [INFO] 127.0.0.1 - - [09/Aug/2026 13:55:33] "[36mGET /static/uploads/eb68604ff191a0c4_20260809.png HTTP/1.1[0m" 304 -
2026-08-09 13:55:33,223 [INFO] 127.0.0.1 - - [09/Aug/2026 13:55:33] "[36mGET /static/uploads/76cc2ce314903c76_20260809.png HTTP/1.1[0m" 304 -
2026-08-09 13:55:33,248 [INFO] 127.0.0.1 - - [09/Aug/2026 13:55:33] "[36mGET /static/uploads/8575e2e8d2f18ad5_20260809.png HTTP/1.1[0m" 304 -
2026-08-09 13:55:33,252 [INFO] 127.0.0.1 - - [09/Aug/2026 13:55:33] "[36mGET /static/uploads/7db5ede6818ab167_20260809.png HTTP/1.1[0m" 304 -
2026-08-09 13:55:33,260 [INFO] 127.0.0.1 - - [09/Aug/2026 13:55:33] "[36mGET /static/uploads/b170cee5fbd41e69_20260809.png HTTP/1.1[0m" 304 -
2026-08-09 13:55:33,274 [INFO] 127.0.0.1 - - [09/Aug/2026 13:55:33] "[36mGET /static/uploads/d162029c3955a864_20260809.png HTTP/1.1[0m" 304 -
2026-08-09 13:55:33,276 [INFO] 127.0.0.1 - - [09/Aug/2026 13:55:33] "[36mGET /static/uploads/12ebbb75ce50b886_20260809.png HTTP/1.1[0m" 304 -
2026-08-09 13:55:33,287 [INFO] 127.0.0.1 - - [09/Aug/2026 13:55:33] "[36mGET /static/uploads/2fc8983835a6680a_20260809.png HTTP/1.1[0m" 304 -
2026-08-09 13:55:33,293 [INFO] 127.0.0.1 - - [09/Aug/2026 13:55:33] "[36mGET /static/uploads/d714f47fd3575dd0_20260809.png HTTP/1.1[0m" 304 -
2026-08-09 13:55:33,303 [INFO] 127.0.0.1 - - [09/Aug/2026 13:55:33] "[36mGET /static/uploads/1f1f1a223c74b36b_20260809.png HTTP/1.1[0m" 304 -
2026-08-09 13:55:33,304 [INFO] 127.0.0.1 - - [09/Aug/2026 13:55:33] "[36mGET /static/uploads/cc418aec70d76c00_20260809.png HTTP/1.1[0m" 304 -
2026-08-09 13:55:33,307 [INFO] 127.0.0.1 - - [09/Aug/2026 13:55:33] "[36mGET /static/uploads/f2f52b59385aef46_20260809.png HTTP/1.1[0m" 304 -
2026-08-09 13:55:33,312 [INFO] 127.0.0.1 - - [09/Aug/2026 13:55:33] "[36mGET /static/uploads/19b43d9302537130_20260809.png HTTP/1.1[0m" 304 -
2026-08-09 13:55:33,320 [INFO] 127.0.0.1 - - [09/Aug/2026 13:55:33] "[36mGET /static/uploads/1bafb088ed2dfba8_20260809.png HTTP/1.1[0m" 304 -
2026-08-09 13:55:33,324 [INFO] 127.0.0.1 - - [09/Aug/2026 13:55:33] "[36mGET /static/uploads/50f38a42093157c8_20260809.png HTTP/1.1[0m" 304 -
2026-08-09 13:55:33,325 [INFO] 127.0.0.1 - - [09/Aug/2026 13:55:33] "[36mGET /static/uploads/00f6e467cf19cf95_20260809.png HTTP/1.1[0m" 304 -
2026-08-09 13:55:33,333 [INFO] 127.0.0.1 - - [09/Aug/2026 13:55:33] "[36mGET /static/uploads/f1a30021c45398c9_20260809.png HTTP/1.1[0m" 304 -
2026-08-09 13:55:33,335 [INFO] 127.0.0.1 - - [09/Aug/2026 13:55:33] "[36mGET /static/uploads/6ff37e05066f5cee_20260809.png HTTP/1.1[0m" 304 -
2026-08-09 13:55:35,923 [INFO] 127.0.0.1 - - [09/Aug/2026 13:55:35] "GET / HTTP/1.1" 200 -
2026-08-09 13:55:35,956 [INFO] 127.0.0.1 - - [09/Aug/2026 13:55:35] "[36mGET /static/css/style.css HTTP/1.1[0m" 304 -
2026-08-09 13:55:35,978 [INFO] 127.0.0.1 - - [09/Aug/2026 13:55:35] "[33mGET /static/profile.jpg HTTP/1.1[0m" 404 -
2026-08-09 13:55:35,982 [INFO] 127.0.0.1 - - [09/Aug/2026 13:55:35] "[36mGET /static/uploads/00f6e467cf19cf95_20260809.png HTTP/1.1[0m" 304 -
2026-08-09 13:55:35,985 [INFO] 127.0.0.1 - - [09/Aug/2026 13:55:35] "[36mGET /static/uploads/f1a30021c45398c9_20260809.png HTTP/1.1[0m" 304 -
2026-08-09 13:55:35,997 [INFO] 127.0.0.1 - - [09/Aug/2026 13:55:35] "[36mGET /static/uploads/6ff37e05066f5cee_20260809.png HTTP/1.1[0m" 304 -
2026-08-09 13:55:36,002 [INFO] 127.0.0.1 - - [09/Aug/2026 13:55:36] "[36mGET /static/uploads/16ede969e9777af1_20260809.png HTTP/1.1[0m" 304 -
2026-08-09 13:55:36,003 [INFO] 127.0.0.1 - - [09/Aug/2026 13:55:36] "[36mGET /static/uploads/50f38a42093157c8_20260809.png HTTP/1.1[0m" 304 -
2026-08-09 13:55:36,006 [INFO] 127.0.0.1 - - [09/Aug/2026 13:55:36] "[36mGET /static/js/main.js HTTP/1.1[0m" 304 -
2026-08-09 13:55:36,013 [INFO] 127.0.0.1 - - [09/Aug/2026 13:55:36] "[36mGET /static/uploads/dc3f5b6fe00aed5b_20260809.png HTTP/1.1[0m" 304 -
2026-08-09 13:55:36,019 [INFO] 127.0.0.1 - - [09/Aug/2026 13:55:36] "[36mGET /static/uploads/7de0d986c85a80a5_20260809.png HTTP/1.1[0m" 304 -
2026-08-09 13:55:36,022 [INFO] 127.0.0.1 - - [09/Aug/2026 13:55:36] "[36mGET /static/uploads/604cca848fd5f441_20260809.png HTTP/1.1[0m" 304 -
2026-08-09 13:55:36,025 [INFO] 127.0.0.1 - - [09/Aug/2026 13:55:36] "[36mGET /static/uploads/db05565a2cd5aec8_20260809.png HTTP/1.1[0m" 304 -
2026-08-09 13:55:36,027 [INFO] 127.0.0.1 - - [09/Aug/2026 13:55:36] "[36mGET /static/uploads/c677ac16a92a7ab6_20260809.png HTTP/1.1[0m" 304 -
2026-08-09 13:55:36,039 [INFO] 127.0.0.1 - - [09/Aug/2026 13:55:36] "[36mGET /static/uploads/6fa75660d7c6ba99_20260809.png HTTP/1.1[0m" 304 -
2026-08-09 13:55:36,043 [INFO] 127.0.0.1 - - [09/Aug/2026 13:55:36] "[36mGET /static/uploads/5889b4f3b6426b72_20260809.png HTTP/1.1[0m" 304 -
2026-08-09 13:55:36,054 [INFO] 127.0.0.1 - - [09/Aug/2026 13:55:36] "[36mGET /static/uploads/eb68604ff191a0c4_20260809.png HTTP/1.1[0m" 304 -
2026-08-09 13:55:36,055 [INFO] 127.0.0.1 - - [09/Aug/2026 13:55:36] "[36mGET /static/uploads/2667e8e9ff243507_20260809.png HTTP/1.1[0m" 304 -
2026-08-09 13:55:36,058 [INFO] 127.0.0.1 - - [09/Aug/2026 13:55:36] "[36mGET /static/uploads/76cc2ce314903c76_20260809.png HTTP/1.1[0m" 304 -
2026-08-09 13:55:36,065 [INFO] 127.0.0.1 - - [09/Aug/2026 13:55:36] "[36mGET /static/uploads/b170cee5fbd41e69_20260809.png HTTP/1.1[0m" 304 -
2026-08-09 13:55:36,077 [INFO] 127.0.0.1 - - [09/Aug/2026 13:55:36] "[36mGET /static/uploads/8575e2e8d2f18ad5_20260809.png HTTP/1.1[0m" 304 -
2026-08-09 13:55:36,084 [INFO] 127.0.0.1 - - [09/Aug/2026 13:55:36] "[36mGET /static/uploads/7db5ede6818ab167_20260809.png HTTP/1.1[0m" 304 -
2026-08-09 13:55:36,093 [INFO] 127.0.0.1 - - [09/Aug/2026 13:55:36] "[36mGET /static/uploads/d162029c3955a864_20260809.png HTTP/1.1[0m" 304 -
2026-08-09 13:55:36,096 [INFO] 127.0.0.1 - - [09/Aug/2026 13:55:36] "[36mGET /static/uploads/12ebbb75ce50b886_20260809.png HTTP/1.1[0m" 304 -
2026-08-09 13:55:36,101 [INFO] 127.0.0.1 - - [09/Aug/2026 13:55:36] "[36mGET /static/uploads/2fc8983835a6680a_20260809.png HTTP/1.1[0m" 304 -
2026-08-09 13:55:36,108 [INFO] 127.0.0.1 - - [09/Aug/2026 13:55:36] "[36mGET /static/uploads/d714f47fd3575dd0_20260809.png HTTP/1.1[0m" 304 -
2026-08-09 13:55:36,117 [INFO] 127.0.0.1 - - [09/Aug/2026 13:55:36] "[36mGET /static/uploads/cc418aec70d76c00_20260809.png HTTP/1.1[0m" 304 -
2026-08-09 13:55:36,128 [INFO] 127.0.0.1 - - [09/Aug/2026 13:55:36] "[36mGET /static/uploads/f2f52b59385aef46_20260809.png HTTP/1.1[0m" 304 -
2026-08-09 13:55:36,128 [INFO] 127.0.0.1 - - [09/Aug/2026 13:55:36] "[36mGET /static/uploads/1f1f1a223c74b36b_20260809.png HTTP/1.1[0m" 304 -
2026-08-09 13:55:36,130 [INFO] 127.0.0.1 - - [09/Aug/2026 13:55:36] "[36mGET /static/uploads/19b43d9302537130_20260809.png HTTP/1.1[0m" 304 -
2026-08-09 13:55:36,132 [INFO] 127.0.0.1 - - [09/Aug/2026 13:55:36] "[36mGET /static/uploads/1bafb088ed2dfba8_20260809.png HTTP/1.1[0m" 304 -
2026-08-09 13:56:34,951 [WARNING] SECRET_KEY not set in environment. Auto-generated for local testing. In production, set a strong SECRET_KEY env var!
2026-08-09 13:56:36,323 [INFO] [31m[1mWARNING: This is a development server. Do not use it in a production deployment. Use a production WSGI server instead.[0m
 * Running on all addresses (0.0.0.0)
 * Running on http://127.0.0.1:5000
 * Running on http://10.242.62.42:5000
2026-08-09 13:56:36,338 [INFO] [33mPress CTRL+C to quit[0m
2026-08-09 13:56:37,488 [INFO] 127.0.0.1 - - [09/Aug/2026 13:56:37] "GET / HTTP/1.1" 200 -
2026-08-09 13:56:37,528 [INFO] 127.0.0.1 - - [09/Aug/2026 13:56:37] "[33mGET /static/uploads/manoj_profile.jpg HTTP/1.1[0m" 404 -
2026-08-09 13:56:37,531 [INFO] 127.0.0.1 - - [09/Aug/2026 13:56:37] "[33mGET /static/profile.jpg HTTP/1.1[0m" 404 -
2026-08-09 13:56:37,865 [INFO] 127.0.0.1 - - [09/Aug/2026 13:56:37] "[36mGET /static/uploads/dc3f5b6fe00aed5b_20260809.png HTTP/1.1[0m" 304 -
2026-08-09 13:56:37,867 [INFO] 127.0.0.1 - - [09/Aug/2026 13:56:37] "[36mGET /static/uploads/6ff37e05066f5cee_20260809.png HTTP/1.1[0m" 304 -
2026-08-09 13:56:37,874 [INFO] 127.0.0.1 - - [09/Aug/2026 13:56:37] "[36mGET /static/uploads/7de0d986c85a80a5_20260809.png HTTP/1.1[0m" 304 -
2026-08-09 13:56:37,875 [INFO] 127.0.0.1 - - [09/Aug/2026 13:56:37] "[36mGET /static/uploads/604cca848fd5f441_20260809.png HTTP/1.1[0m" 304 -
2026-08-09 13:56:37,882 [INFO] 127.0.0.1 - - [09/Aug/2026 13:56:37] "[36mGET /static/uploads/f1a30021c45398c9_20260809.png HTTP/1.1[0m" 304 -
2026-08-09 13:56:37,885 [INFO] 127.0.0.1 - - [09/Aug/2026 13:56:37] "[36mGET /static/uploads/db05565a2cd5aec8_20260809.png HTTP/1.1[0m" 304 -
2026-08-09 13:56:37,889 [INFO] 127.0.0.1 - - [09/Aug/2026 13:56:37] "[36mGET /static/css/style.css HTTP/1.1[0m" 304 -
2026-08-09 13:56:37,889 [INFO] 127.0.0.1 - - [09/Aug/2026 13:56:37] "[36mGET /static/uploads/16ede969e9777af1_20260809.png HTTP/1.1[0m" 304 -
2026-08-09 13:56:37,892 [INFO] 127.0.0.1 - - [09/Aug/2026 13:56:37] "[36mGET /static/uploads/00f6e467cf19cf95_20260809.png HTTP/1.1[0m" 304 -
2026-08-09 13:56:37,895 [INFO] 127.0.0.1 - - [09/Aug/2026 13:56:37] "[36mGET /static/js/main.js HTTP/1.1[0m" 304 -
2026-08-09 13:56:37,896 [INFO] 127.0.0.1 - - [09/Aug/2026 13:56:37] "[36mGET /static/uploads/c677ac16a92a7ab6_20260809.png HTTP/1.1[0m" 304 -
2026-08-09 13:56:37,900 [INFO] 127.0.0.1 - - [09/Aug/2026 13:56:37] "[36mGET /static/uploads/5889b4f3b6426b72_20260809.png HTTP/1.1[0m" 304 -
2026-08-09 13:56:37,910 [INFO] 127.0.0.1 - - [09/Aug/2026 13:56:37] "[36mGET /static/uploads/6fa75660d7c6ba99_20260809.png HTTP/1.1[0m" 304 -
2026-08-09 13:56:37,914 [INFO] 127.0.0.1 - - [09/Aug/2026 13:56:37] "[36mGET /static/uploads/50f38a42093157c8_20260809.png HTTP/1.1[0m" 304 -
2026-08-09 13:56:37,917 [INFO] 127.0.0.1 - - [09/Aug/2026 13:56:37] "[36mGET /static/uploads/2667e8e9ff243507_20260809.png HTTP/1.1[0m" 304 -
2026-08-09 13:56:37,922 [INFO] 127.0.0.1 - - [09/Aug/2026 13:56:37] "[36mGET /static/uploads/eb68604ff191a0c4_20260809.png HTTP/1.1[0m" 304 -
2026-08-09 13:56:37,928 [INFO] 127.0.0.1 - - [09/Aug/2026 13:56:37] "[36mGET /static/uploads/76cc2ce314903c76_20260809.png HTTP/1.1[0m" 304 -
2026-08-09 13:56:37,930 [INFO] 127.0.0.1 - - [09/Aug/2026 13:56:37] "[36mGET /static/uploads/b170cee5fbd41e69_20260809.png HTTP/1.1[0m" 304 -
2026-08-09 13:56:37,934 [INFO] 127.0.0.1 - - [09/Aug/2026 13:56:37] "[36mGET /static/uploads/8575e2e8d2f18ad5_20260809.png HTTP/1.1[0m" 304 -
2026-08-09 13:56:37,941 [INFO] 127.0.0.1 - - [09/Aug/2026 13:56:37] "[36mGET /static/uploads/7db5ede6818ab167_20260809.png HTTP/1.1[0m" 304 -
2026-08-09 13:56:37,948 [INFO] 127.0.0.1 - - [09/Aug/2026 13:56:37] "[36mGET /static/uploads/d162029c3955a864_20260809.png HTTP/1.1[0m" 304 -
2026-08-09 13:56:37,952 [INFO] 127.0.0.1 - - [09/Aug/2026 13:56:37] "[36mGET /static/uploads/12ebbb75ce50b886_20260809.png HTTP/1.1[0m" 304 -
2026-08-09 13:56:37,954 [INFO] 127.0.0.1 - - [09/Aug/2026 13:56:37] "[36mGET /static/uploads/2fc8983835a6680a_20260809.png HTTP/1.1[0m" 304 -
2026-08-09 13:56:37,957 [INFO] 127.0.0.1 - - [09/Aug/2026 13:56:37] "[36mGET /static/uploads/d714f47fd3575dd0_20260809.png HTTP/1.1[0m" 304 -
2026-08-09 13:56:37,965 [INFO] 127.0.0.1 - - [09/Aug/2026 13:56:37] "[36mGET /static/uploads/cc418aec70d76c00_20260809.png HTTP/1.1[0m" 304 -
2026-08-09 13:56:37,968 [INFO] 127.0.0.1 - - [09/Aug/2026 13:56:37] "[36mGET /static/uploads/1f1f1a223c74b36b_20260809.png HTTP/1.1[0m" 304 -
2026-08-09 13:56:37,973 [INFO] 127.0.0.1 - - [09/Aug/2026 13:56:37] "[36mGET /static/uploads/f2f52b59385aef46_20260809.png HTTP/1.1[0m" 304 -
2026-08-09 13:56:37,977 [INFO] 127.0.0.1 - - [09/Aug/2026 13:56:37] "[36mGET /static/uploads/19b43d9302537130_20260809.png HTTP/1.1[0m" 304 -
2026-08-09 13:56:37,978 [INFO] 127.0.0.1 - - [09/Aug/2026 13:56:37] "[36mGET /static/uploads/1bafb088ed2dfba8_20260809.png HTTP/1.1[0m" 304 -
2026-08-09 13:57:11,762 [INFO] 127.0.0.1 - - [09/Aug/2026 13:57:11] "[32mGET /findme HTTP/1.1[0m" 302 -
2026-08-09 13:57:11,772 [INFO] 127.0.0.1 - - [09/Aug/2026 13:57:11] "GET /contact HTTP/1.1" 200 -
2026-08-09 13:57:11,828 [INFO] 127.0.0.1 - - [09/Aug/2026 13:57:11] "[36mGET /static/js/main.js HTTP/1.1[0m" 304 -
2026-08-09 13:57:11,832 [INFO] 127.0.0.1 - - [09/Aug/2026 13:57:11] "[33mGET /static/profile.jpg HTTP/1.1[0m" 404 -
2026-08-09 13:57:11,834 [INFO] 127.0.0.1 - - [09/Aug/2026 13:57:11] "[36mGET /static/css/style.css HTTP/1.1[0m" 304 -
2026-08-09 13:57:30,831 [INFO] 127.0.0.1 - - [09/Aug/2026 13:57:30] "GET /contact HTTP/1.1" 200 -
2026-08-09 13:57:30,861 [INFO] 127.0.0.1 - - [09/Aug/2026 13:57:30] "[36mGET /static/css/style.css HTTP/1.1[0m" 304 -
2026-08-09 13:57:30,864 [INFO] 127.0.0.1 - - [09/Aug/2026 13:57:30] "[36mGET /static/js/main.js HTTP/1.1[0m" 304 -
2026-08-09 13:57:30,869 [INFO] 127.0.0.1 - - [09/Aug/2026 13:57:30] "[33mGET /static/profile.jpg HTTP/1.1[0m" 404 -
2026-08-09 14:20:08,632 [WARNING] SECRET_KEY not set in environment. Auto-generated for local testing. In production, set a strong SECRET_KEY env var!
2026-08-09 14:20:09,947 [INFO] [31m[1mWARNING: This is a development server. Do not use it in a production deployment. Use a production WSGI server instead.[0m
 * Running on all addresses (0.0.0.0)
 * Running on http://127.0.0.1:5000
 * Running on http://10.242.62.42:5000
2026-08-09 14:20:09,948 [INFO] [33mPress CTRL+C to quit[0m
2026-08-09 14:20:18,802 [INFO] 127.0.0.1 - - [09/Aug/2026 14:20:18] "GET /contact HTTP/1.1" 200 -
2026-08-09 14:20:18,828 [INFO] 127.0.0.1 - - [09/Aug/2026 14:20:18] "[33mGET /static/profile.jpg HTTP/1.1[0m" 404 -
2026-08-09 14:20:18,980 [INFO] 127.0.0.1 - - [09/Aug/2026 14:20:18] "GET /static/css/style.css HTTP/1.1" 200 -
2026-08-09 14:20:18,987 [INFO] 127.0.0.1 - - [09/Aug/2026 14:20:18] "GET /static/js/main.js HTTP/1.1" 200 -
2026-08-09 14:20:26,521 [INFO] 127.0.0.1 - - [09/Aug/2026 14:20:26] "GET /contact HTTP/1.1" 200 -
2026-08-09 14:20:26,553 [INFO] 127.0.0.1 - - [09/Aug/2026 14:20:26] "[36mGET /static/css/style.css HTTP/1.1[0m" 304 -
2026-08-09 14:20:26,556 [INFO] 127.0.0.1 - - [09/Aug/2026 14:20:26] "[33mGET /static/profile.jpg HTTP/1.1[0m" 404 -
2026-08-09 14:20:26,564 [INFO] 127.0.0.1 - - [09/Aug/2026 14:20:26] "[36mGET /static/js/main.js HTTP/1.1[0m" 304 -
2026-08-09 14:20:30,340 [INFO] 127.0.0.1 - - [09/Aug/2026 14:20:30] "GET / HTTP/1.1" 200 -
2026-08-09 14:20:30,378 [INFO] 127.0.0.1 - - [09/Aug/2026 14:20:30] "[36mGET /static/css/style.css HTTP/1.1[0m" 304 -
2026-08-09 14:20:30,383 [INFO] 127.0.0.1 - - [09/Aug/2026 14:20:30] "[33mGET /static/uploads/manoj_profile.jpg HTTP/1.1[0m" 404 -
2026-08-09 14:20:30,387 [INFO] 127.0.0.1 - - [09/Aug/2026 14:20:30] "[33mGET /static/profile.jpg HTTP/1.1[0m" 404 -
2026-08-09 14:20:30,391 [INFO] 127.0.0.1 - - [09/Aug/2026 14:20:30] "[36mGET /static/js/main.js HTTP/1.1[0m" 304 -
2026-08-09 14:20:30,450 [INFO] 127.0.0.1 - - [09/Aug/2026 14:20:30] "[36mGET /static/uploads/00f6e467cf19cf95_20260809.png HTTP/1.1[0m" 304 -
2026-08-09 14:20:30,452 [INFO] 127.0.0.1 - - [09/Aug/2026 14:20:30] "[36mGET /static/uploads/f1a30021c45398c9_20260809.png HTTP/1.1[0m" 304 -
2026-08-09 14:20:30,458 [INFO] 127.0.0.1 - - [09/Aug/2026 14:20:30] "[36mGET /static/uploads/6ff37e05066f5cee_20260809.png HTTP/1.1[0m" 304 -
2026-08-09 14:20:30,466 [INFO] 127.0.0.1 - - [09/Aug/2026 14:20:30] "[36mGET /static/uploads/50f38a42093157c8_20260809.png HTTP/1.1[0m" 304 -
2026-08-09 14:20:33,106 [INFO] 127.0.0.1 - - [09/Aug/2026 14:20:33] "[36mGET /static/uploads/16ede969e9777af1_20260809.png HTTP/1.1[0m" 304 -
2026-08-09 14:20:33,108 [INFO] 127.0.0.1 - - [09/Aug/2026 14:20:33] "[36mGET /static/uploads/604cca848fd5f441_20260809.png HTTP/1.1[0m" 304 -
2026-08-09 14:20:33,109 [INFO] 127.0.0.1 - - [09/Aug/2026 14:20:33] "[36mGET /static/uploads/dc3f5b6fe00aed5b_20260809.png HTTP/1.1[0m" 304 -
2026-08-09 14:20:34,218 [INFO] 127.0.0.1 - - [09/Aug/2026 14:20:34] "[36mGET /static/uploads/7de0d986c85a80a5_20260809.png HTTP/1.1[0m" 304 -
2026-08-09 14:20:34,219 [INFO] 127.0.0.1 - - [09/Aug/2026 14:20:34] "[36mGET /static/uploads/db05565a2cd5aec8_20260809.png HTTP/1.1[0m" 304 -
2026-08-09 14:20:34,220 [INFO] 127.0.0.1 - - [09/Aug/2026 14:20:34] "[36mGET /static/uploads/c677ac16a92a7ab6_20260809.png HTTP/1.1[0m" 304 -
2026-08-09 14:20:41,847 [INFO] 127.0.0.1 - - [09/Aug/2026 14:20:41] "[36mGET /static/uploads/5889b4f3b6426b72_20260809.png HTTP/1.1[0m" 304 -
2026-08-09 14:20:41,847 [INFO] 127.0.0.1 - - [09/Aug/2026 14:20:41] "[36mGET /static/uploads/6fa75660d7c6ba99_20260809.png HTTP/1.1[0m" 304 -
2026-08-09 14:20:41,849 [INFO] 127.0.0.1 - - [09/Aug/2026 14:20:41] "[36mGET /static/uploads/2667e8e9ff243507_20260809.png HTTP/1.1[0m" 304 -
2026-08-09 14:20:42,261 [INFO] 127.0.0.1 - - [09/Aug/2026 14:20:42] "[36mGET /static/uploads/eb68604ff191a0c4_20260809.png HTTP/1.1[0m" 304 -
2026-08-09 14:20:42,262 [INFO] 127.0.0.1 - - [09/Aug/2026 14:20:42] "[36mGET /static/uploads/76cc2ce314903c76_20260809.png HTTP/1.1[0m" 304 -
2026-08-09 14:20:42,263 [INFO] 127.0.0.1 - - [09/Aug/2026 14:20:42] "[36mGET /static/uploads/b170cee5fbd41e69_20260809.png HTTP/1.1[0m" 304 -
2026-08-09 14:20:43,647 [INFO] 127.0.0.1 - - [09/Aug/2026 14:20:43] "[36mGET /static/uploads/7db5ede6818ab167_20260809.png HTTP/1.1[0m" 304 -
2026-08-09 14:20:43,648 [INFO] 127.0.0.1 - - [09/Aug/2026 14:20:43] "[36mGET /static/uploads/8575e2e8d2f18ad5_20260809.png HTTP/1.1[0m" 304 -
2026-08-09 14:20:43,649 [INFO] 127.0.0.1 - - [09/Aug/2026 14:20:43] "[36mGET /static/uploads/d162029c3955a864_20260809.png HTTP/1.1[0m" 304 -
2026-08-09 14:20:46,612 [INFO] 127.0.0.1 - - [09/Aug/2026 14:20:46] "[36mGET /static/uploads/12ebbb75ce50b886_20260809.png HTTP/1.1[0m" 304 -
2026-08-09 14:20:46,614 [INFO] 127.0.0.1 - - [09/Aug/2026 14:20:46] "[36mGET /static/uploads/2fc8983835a6680a_20260809.png HTTP/1.1[0m" 304 -
2026-08-09 14:20:46,615 [INFO] 127.0.0.1 - - [09/Aug/2026 14:20:46] "[36mGET /static/uploads/d714f47fd3575dd0_20260809.png HTTP/1.1[0m" 304 -
2026-08-09 14:20:48,941 [INFO] 127.0.0.1 - - [09/Aug/2026 14:20:48] "[36mGET /static/uploads/1f1f1a223c74b36b_20260809.png HTTP/1.1[0m" 304 -
2026-08-09 14:20:48,942 [INFO] 127.0.0.1 - - [09/Aug/2026 14:20:48] "[36mGET /static/uploads/cc418aec70d76c00_20260809.png HTTP/1.1[0m" 304 -
2026-08-09 14:20:48,943 [INFO] 127.0.0.1 - - [09/Aug/2026 14:20:48] "[36mGET /static/uploads/f2f52b59385aef46_20260809.png HTTP/1.1[0m" 304 -
2026-08-09 14:20:51,557 [INFO] 127.0.0.1 - - [09/Aug/2026 14:20:51] "[36mGET /static/uploads/19b43d9302537130_20260809.png HTTP/1.1[0m" 304 -
2026-08-09 14:20:51,558 [INFO] 127.0.0.1 - - [09/Aug/2026 14:20:51] "[36mGET /static/uploads/1bafb088ed2dfba8_20260809.png HTTP/1.1[0m" 304 -
2026-08-09 14:21:10,207 [INFO] 127.0.0.1 - - [09/Aug/2026 14:21:10] "GET /internship HTTP/1.1" 200 -
2026-08-09 14:21:10,237 [INFO] 127.0.0.1 - - [09/Aug/2026 14:21:10] "[33mGET /static/profile.jpg HTTP/1.1[0m" 404 -
2026-08-09 14:21:10,240 [INFO] 127.0.0.1 - - [09/Aug/2026 14:21:10] "[36mGET /static/css/style.css HTTP/1.1[0m" 304 -
2026-08-09 14:21:10,244 [INFO] 127.0.0.1 - - [09/Aug/2026 14:21:10] "[36mGET /static/js/main.js HTTP/1.1[0m" 304 -
2026-08-09 14:21:20,982 [INFO] 127.0.0.1 - - [09/Aug/2026 14:21:20] "GET /contact HTTP/1.1" 200 -
2026-08-09 14:21:21,020 [INFO] 127.0.0.1 - - [09/Aug/2026 14:21:21] "[36mGET /static/css/style.css HTTP/1.1[0m" 304 -
2026-08-09 14:21:21,026 [INFO] 127.0.0.1 - - [09/Aug/2026 14:21:21] "[33mGET /static/profile.jpg HTTP/1.1[0m" 404 -
2026-08-09 14:21:21,035 [INFO] 127.0.0.1 - - [09/Aug/2026 14:21:21] "[36mGET /static/js/main.js HTTP/1.1[0m" 304 -
2026-08-09 14:21:24,994 [INFO] 127.0.0.1 - - [09/Aug/2026 14:21:24] "GET / HTTP/1.1" 200 -
2026-08-09 14:21:25,020 [INFO] 127.0.0.1 - - [09/Aug/2026 14:21:25] "[36mGET /static/css/style.css HTTP/1.1[0m" 304 -
2026-08-09 14:21:25,027 [INFO] 127.0.0.1 - - [09/Aug/2026 14:21:25] "[33mGET /static/profile.jpg HTTP/1.1[0m" 404 -
2026-08-09 14:21:25,030 [INFO] 127.0.0.1 - - [09/Aug/2026 14:21:25] "[33mGET /static/uploads/manoj_profile.jpg HTTP/1.1[0m" 404 -
2026-08-09 14:21:25,038 [INFO] 127.0.0.1 - - [09/Aug/2026 14:21:25] "[36mGET /static/uploads/00f6e467cf19cf95_20260809.png HTTP/1.1[0m" 304 -
2026-08-09 14:21:25,045 [INFO] 127.0.0.1 - - [09/Aug/2026 14:21:25] "[36mGET /static/uploads/f1a30021c45398c9_20260809.png HTTP/1.1[0m" 304 -
2026-08-09 14:21:25,050 [INFO] 127.0.0.1 - - [09/Aug/2026 14:21:25] "[36mGET /static/uploads/6ff37e05066f5cee_20260809.png HTTP/1.1[0m" 304 -
2026-08-09 14:21:25,054 [INFO] 127.0.0.1 - - [09/Aug/2026 14:21:25] "[36mGET /static/uploads/50f38a42093157c8_20260809.png HTTP/1.1[0m" 304 -
2026-08-09 14:21:25,055 [INFO] 127.0.0.1 - - [09/Aug/2026 14:21:25] "[36mGET /static/js/main.js HTTP/1.1[0m" 304 -
2026-08-09 14:21:25,056 [INFO] 127.0.0.1 - - [09/Aug/2026 14:21:25] "[36mGET /static/uploads/1bafb088ed2dfba8_20260809.png HTTP/1.1[0m" 304 -
2026-08-09 14:21:25,062 [INFO] 127.0.0.1 - - [09/Aug/2026 14:21:25] "[36mGET /static/uploads/16ede969e9777af1_20260809.png HTTP/1.1[0m" 304 -
2026-08-09 14:21:25,070 [INFO] 127.0.0.1 - - [09/Aug/2026 14:21:25] "[36mGET /static/uploads/604cca848fd5f441_20260809.png HTTP/1.1[0m" 304 -
2026-08-09 14:21:25,077 [INFO] 127.0.0.1 - - [09/Aug/2026 14:21:25] "[36mGET /static/uploads/dc3f5b6fe00aed5b_20260809.png HTTP/1.1[0m" 304 -
2026-08-09 14:21:25,080 [INFO] 127.0.0.1 - - [09/Aug/2026 14:21:25] "[36mGET /static/uploads/7de0d986c85a80a5_20260809.png HTTP/1.1[0m" 304 -
2026-08-09 14:21:25,084 [INFO] 127.0.0.1 - - [09/Aug/2026 14:21:25] "[36mGET /static/uploads/db05565a2cd5aec8_20260809.png HTTP/1.1[0m" 304 -
2026-08-09 14:21:25,093 [INFO] 127.0.0.1 - - [09/Aug/2026 14:21:25] "[36mGET /static/uploads/c677ac16a92a7ab6_20260809.png HTTP/1.1[0m" 304 -
2026-08-09 14:21:25,095 [INFO] 127.0.0.1 - - [09/Aug/2026 14:21:25] "[36mGET /static/uploads/5889b4f3b6426b72_20260809.png HTTP/1.1[0m" 304 -
2026-08-09 14:21:25,129 [INFO] 127.0.0.1 - - [09/Aug/2026 14:21:25] "[36mGET /static/uploads/6fa75660d7c6ba99_20260809.png HTTP/1.1[0m" 304 -
2026-08-09 14:21:25,131 [INFO] 127.0.0.1 - - [09/Aug/2026 14:21:25] "[36mGET /static/uploads/2667e8e9ff243507_20260809.png HTTP/1.1[0m" 304 -
2026-08-09 14:21:25,134 [INFO] 127.0.0.1 - - [09/Aug/2026 14:21:25] "[36mGET /static/uploads/eb68604ff191a0c4_20260809.png HTTP/1.1[0m" 304 -
2026-08-09 14:21:25,150 [INFO] 127.0.0.1 - - [09/Aug/2026 14:21:25] "[36mGET /static/uploads/76cc2ce314903c76_20260809.png HTTP/1.1[0m" 304 -
2026-08-09 14:21:25,153 [INFO] 127.0.0.1 - - [09/Aug/2026 14:21:25] "[36mGET /static/uploads/b170cee5fbd41e69_20260809.png HTTP/1.1[0m" 304 -
2026-08-09 14:21:25,162 [INFO] 127.0.0.1 - - [09/Aug/2026 14:21:25] "[36mGET /static/uploads/8575e2e8d2f18ad5_20260809.png HTTP/1.1[0m" 304 -
2026-08-09 14:21:25,170 [INFO] 127.0.0.1 - - [09/Aug/2026 14:21:25] "[36mGET /static/uploads/d162029c3955a864_20260809.png HTTP/1.1[0m" 304 -
2026-08-09 14:21:25,176 [INFO] 127.0.0.1 - - [09/Aug/2026 14:21:25] "[36mGET /static/uploads/7db5ede6818ab167_20260809.png HTTP/1.1[0m" 304 -
2026-08-09 14:21:25,178 [INFO] 127.0.0.1 - - [09/Aug/2026 14:21:25] "[36mGET /static/uploads/12ebbb75ce50b886_20260809.png HTTP/1.1[0m" 304 -
2026-08-09 14:21:25,185 [INFO] 127.0.0.1 - - [09/Aug/2026 14:21:25] "[36mGET /static/uploads/2fc8983835a6680a_20260809.png HTTP/1.1[0m" 304 -
2026-08-09 14:21:25,196 [INFO] 127.0.0.1 - - [09/Aug/2026 14:21:25] "[36mGET /static/uploads/d714f47fd3575dd0_20260809.png HTTP/1.1[0m" 304 -
2026-08-09 14:21:25,198 [INFO] 127.0.0.1 - - [09/Aug/2026 14:21:25] "[36mGET /static/uploads/cc418aec70d76c00_20260809.png HTTP/1.1[0m" 304 -
2026-08-09 14:21:25,211 [INFO] 127.0.0.1 - - [09/Aug/2026 14:21:25] "[36mGET /static/uploads/1f1f1a223c74b36b_20260809.png HTTP/1.1[0m" 304 -
2026-08-09 14:21:25,217 [INFO] 127.0.0.1 - - [09/Aug/2026 14:21:25] "[36mGET /static/uploads/f2f52b59385aef46_20260809.png HTTP/1.1[0m" 304 -
2026-08-09 14:21:25,220 [INFO] 127.0.0.1 - - [09/Aug/2026 14:21:25] "[36mGET /static/uploads/19b43d9302537130_20260809.png HTTP/1.1[0m" 304 -
2026-08-09 14:21:35,600 [INFO] 127.0.0.1 - - [09/Aug/2026 14:21:35] "GET / HTTP/1.1" 200 -
2026-08-09 14:21:35,628 [INFO] 127.0.0.1 - - [09/Aug/2026 14:21:35] "[36mGET /static/css/style.css HTTP/1.1[0m" 304 -
2026-08-09 14:21:35,637 [INFO] 127.0.0.1 - - [09/Aug/2026 14:21:35] "[33mGET /static/uploads/manoj_profile.jpg HTTP/1.1[0m" 404 -
2026-08-09 14:21:35,638 [INFO] 127.0.0.1 - - [09/Aug/2026 14:21:35] "[33mGET /static/profile.jpg HTTP/1.1[0m" 404 -
2026-08-09 14:21:35,647 [INFO] 127.0.0.1 - - [09/Aug/2026 14:21:35] "[36mGET /static/uploads/00f6e467cf19cf95_20260809.png HTTP/1.1[0m" 304 -
2026-08-09 14:21:35,652 [INFO] 127.0.0.1 - - [09/Aug/2026 14:21:35] "[36mGET /static/uploads/f1a30021c45398c9_20260809.png HTTP/1.1[0m" 304 -
2026-08-09 14:21:35,654 [INFO] 127.0.0.1 - - [09/Aug/2026 14:21:35] "[36mGET /static/uploads/6ff37e05066f5cee_20260809.png HTTP/1.1[0m" 304 -
2026-08-09 14:21:35,657 [INFO] 127.0.0.1 - - [09/Aug/2026 14:21:35] "[36mGET /static/uploads/50f38a42093157c8_20260809.png HTTP/1.1[0m" 304 -
2026-08-09 14:21:35,669 [INFO] 127.0.0.1 - - [09/Aug/2026 14:21:35] "[36mGET /static/js/main.js HTTP/1.1[0m" 304 -
2026-08-09 14:21:35,671 [INFO] 127.0.0.1 - - [09/Aug/2026 14:21:35] "[36mGET /static/uploads/1bafb088ed2dfba8_20260809.png HTTP/1.1[0m" 304 -
2026-08-09 14:21:35,674 [INFO] 127.0.0.1 - - [09/Aug/2026 14:21:35] "[36mGET /static/uploads/16ede969e9777af1_20260809.png HTTP/1.1[0m" 304 -
2026-08-09 14:21:35,680 [INFO] 127.0.0.1 - - [09/Aug/2026 14:21:35] "[36mGET /static/uploads/dc3f5b6fe00aed5b_20260809.png HTTP/1.1[0m" 304 -
2026-08-09 14:21:35,684 [INFO] 127.0.0.1 - - [09/Aug/2026 14:21:35] "[36mGET /static/uploads/604cca848fd5f441_20260809.png HTTP/1.1[0m" 304 -
2026-08-09 14:21:35,689 [INFO] 127.0.0.1 - - [09/Aug/2026 14:21:35] "[36mGET /static/uploads/7de0d986c85a80a5_20260809.png HTTP/1.1[0m" 304 -
2026-08-09 14:21:35,695 [INFO] 127.0.0.1 - - [09/Aug/2026 14:21:35] "[36mGET /static/uploads/db05565a2cd5aec8_20260809.png HTTP/1.1[0m" 304 -
2026-08-09 14:21:35,706 [INFO] 127.0.0.1 - - [09/Aug/2026 14:21:35] "[36mGET /static/uploads/c677ac16a92a7ab6_20260809.png HTTP/1.1[0m" 304 -
2026-08-09 14:21:35,707 [INFO] 127.0.0.1 - - [09/Aug/2026 14:21:35] "[36mGET /static/uploads/5889b4f3b6426b72_20260809.png HTTP/1.1[0m" 304 -
2026-08-09 14:21:35,720 [INFO] 127.0.0.1 - - [09/Aug/2026 14:21:35] "[36mGET /static/uploads/6fa75660d7c6ba99_20260809.png HTTP/1.1[0m" 304 -
2026-08-09 14:21:35,726 [INFO] 127.0.0.1 - - [09/Aug/2026 14:21:35] "[36mGET /static/uploads/2667e8e9ff243507_20260809.png HTTP/1.1[0m" 304 -
2026-08-09 14:21:35,737 [INFO] 127.0.0.1 - - [09/Aug/2026 14:21:35] "[36mGET /static/uploads/eb68604ff191a0c4_20260809.png HTTP/1.1[0m" 304 -
2026-08-09 14:21:35,739 [INFO] 127.0.0.1 - - [09/Aug/2026 14:21:35] "[36mGET /static/uploads/76cc2ce314903c76_20260809.png HTTP/1.1[0m" 304 -
2026-08-09 14:21:35,746 [INFO] 127.0.0.1 - - [09/Aug/2026 14:21:35] "[36mGET /static/uploads/b170cee5fbd41e69_20260809.png HTTP/1.1[0m" 304 -
2026-08-09 14:21:35,754 [INFO] 127.0.0.1 - - [09/Aug/2026 14:21:35] "[36mGET /static/uploads/8575e2e8d2f18ad5_20260809.png HTTP/1.1[0m" 304 -
2026-08-09 14:21:35,759 [INFO] 127.0.0.1 - - [09/Aug/2026 14:21:35] "[36mGET /static/uploads/7db5ede6818ab167_20260809.png HTTP/1.1[0m" 304 -
2026-08-09 14:21:35,765 [INFO] 127.0.0.1 - - [09/Aug/2026 14:21:35] "[36mGET /static/uploads/d162029c3955a864_20260809.png HTTP/1.1[0m" 304 -
2026-08-09 14:21:35,771 [INFO] 127.0.0.1 - - [09/Aug/2026 14:21:35] "[36mGET /static/uploads/12ebbb75ce50b886_20260809.png HTTP/1.1[0m" 304 -
2026-08-09 14:21:35,775 [INFO] 127.0.0.1 - - [09/Aug/2026 14:21:35] "[36mGET /static/uploads/2fc8983835a6680a_20260809.png HTTP/1.1[0m" 304 -
2026-08-09 14:21:35,784 [INFO] 127.0.0.1 - - [09/Aug/2026 14:21:35] "[36mGET /static/uploads/d714f47fd3575dd0_20260809.png HTTP/1.1[0m" 304 -
2026-08-09 14:21:35,787 [INFO] 127.0.0.1 - - [09/Aug/2026 14:21:35] "[36mGET /static/uploads/cc418aec70d76c00_20260809.png HTTP/1.1[0m" 304 -
2026-08-09 14:21:35,788 [INFO] 127.0.0.1 - - [09/Aug/2026 14:21:35] "[36mGET /static/uploads/1f1f1a223c74b36b_20260809.png HTTP/1.1[0m" 304 -
2026-08-09 14:21:35,791 [INFO] 127.0.0.1 - - [09/Aug/2026 14:21:35] "[36mGET /static/uploads/f2f52b59385aef46_20260809.png HTTP/1.1[0m" 304 -
2026-08-09 14:21:35,794 [INFO] 127.0.0.1 - - [09/Aug/2026 14:21:35] "[36mGET /static/uploads/19b43d9302537130_20260809.png HTTP/1.1[0m" 304 -
2026-08-09 14:21:40,725 [INFO] 127.0.0.1 - - [09/Aug/2026 14:21:40] "GET /internship HTTP/1.1" 200 -
2026-08-09 14:21:40,751 [INFO] 127.0.0.1 - - [09/Aug/2026 14:21:40] "[36mGET /static/css/style.css HTTP/1.1[0m" 304 -
2026-08-09 14:21:40,757 [INFO] 127.0.0.1 - - [09/Aug/2026 14:21:40] "[33mGET /static/profile.jpg HTTP/1.1[0m" 404 -
2026-08-09 14:21:40,759 [INFO] 127.0.0.1 - - [09/Aug/2026 14:21:40] "[36mGET /static/js/main.js HTTP/1.1[0m" 304 -
2026-08-09 14:21:42,389 [INFO] 127.0.0.1 - - [09/Aug/2026 14:21:42] "GET / HTTP/1.1" 200 -
2026-08-09 14:21:42,409 [INFO] 127.0.0.1 - - [09/Aug/2026 14:21:42] "[36mGET /static/css/style.css HTTP/1.1[0m" 304 -
2026-08-09 14:21:42,417 [INFO] 127.0.0.1 - - [09/Aug/2026 14:21:42] "[33mGET /static/profile.jpg HTTP/1.1[0m" 404 -
2026-08-09 14:21:42,432 [INFO] 127.0.0.1 - - [09/Aug/2026 14:21:42] "[33mGET /static/uploads/manoj_profile.jpg HTTP/1.1[0m" 404 -
2026-08-09 14:21:42,435 [INFO] 127.0.0.1 - - [09/Aug/2026 14:21:42] "[36mGET /static/uploads/00f6e467cf19cf95_20260809.png HTTP/1.1[0m" 304 -
2026-08-09 14:21:42,439 [INFO] 127.0.0.1 - - [09/Aug/2026 14:21:42] "[36mGET /static/uploads/f1a30021c45398c9_20260809.png HTTP/1.1[0m" 304 -
2026-08-09 14:21:42,443 [INFO] 127.0.0.1 - - [09/Aug/2026 14:21:42] "[36mGET /static/uploads/6ff37e05066f5cee_20260809.png HTTP/1.1[0m" 304 -
2026-08-09 14:21:42,452 [INFO] 127.0.0.1 - - [09/Aug/2026 14:21:42] "[36mGET /static/uploads/50f38a42093157c8_20260809.png HTTP/1.1[0m" 304 -
2026-08-09 14:21:42,454 [INFO] 127.0.0.1 - - [09/Aug/2026 14:21:42] "[36mGET /static/js/main.js HTTP/1.1[0m" 304 -
2026-08-09 14:21:42,460 [INFO] 127.0.0.1 - - [09/Aug/2026 14:21:42] "[36mGET /static/uploads/1bafb088ed2dfba8_20260809.png HTTP/1.1[0m" 304 -
2026-08-09 14:21:42,465 [INFO] 127.0.0.1 - - [09/Aug/2026 14:21:42] "[36mGET /static/uploads/16ede969e9777af1_20260809.png HTTP/1.1[0m" 304 -
2026-08-09 14:21:42,469 [INFO] 127.0.0.1 - - [09/Aug/2026 14:21:42] "[36mGET /static/uploads/604cca848fd5f441_20260809.png HTTP/1.1[0m" 304 -
2026-08-09 14:21:42,475 [INFO] 127.0.0.1 - - [09/Aug/2026 14:21:42] "[36mGET /static/uploads/dc3f5b6fe00aed5b_20260809.png HTTP/1.1[0m" 304 -
2026-08-09 14:21:42,479 [INFO] 127.0.0.1 - - [09/Aug/2026 14:21:42] "[36mGET /static/uploads/7de0d986c85a80a5_20260809.png HTTP/1.1[0m" 304 -
2026-08-09 14:21:42,481 [INFO] 127.0.0.1 - - [09/Aug/2026 14:21:42] "[36mGET /static/uploads/db05565a2cd5aec8_20260809.png HTTP/1.1[0m" 304 -
2026-08-09 14:21:42,498 [INFO] 127.0.0.1 - - [09/Aug/2026 14:21:42] "[36mGET /static/uploads/c677ac16a92a7ab6_20260809.png HTTP/1.1[0m" 304 -
2026-08-09 14:21:42,502 [INFO] 127.0.0.1 - - [09/Aug/2026 14:21:42] "[36mGET /static/uploads/5889b4f3b6426b72_20260809.png HTTP/1.1[0m" 304 -
2026-08-09 14:21:42,506 [INFO] 127.0.0.1 - - [09/Aug/2026 14:21:42] "[36mGET /static/uploads/6fa75660d7c6ba99_20260809.png HTTP/1.1[0m" 304 -
2026-08-09 14:21:42,509 [INFO] 127.0.0.1 - - [09/Aug/2026 14:21:42] "[36mGET /static/uploads/2667e8e9ff243507_20260809.png HTTP/1.1[0m" 304 -
2026-08-09 14:21:42,514 [INFO] 127.0.0.1 - - [09/Aug/2026 14:21:42] "[36mGET /static/uploads/eb68604ff191a0c4_20260809.png HTTP/1.1[0m" 304 -
2026-08-09 14:21:42,525 [INFO] 127.0.0.1 - - [09/Aug/2026 14:21:42] "[36mGET /static/uploads/76cc2ce314903c76_20260809.png HTTP/1.1[0m" 304 -
2026-08-09 14:21:42,527 [INFO] 127.0.0.1 - - [09/Aug/2026 14:21:42] "[36mGET /static/uploads/b170cee5fbd41e69_20260809.png HTTP/1.1[0m" 304 -
2026-08-09 14:21:42,530 [INFO] 127.0.0.1 - - [09/Aug/2026 14:21:42] "[36mGET /static/uploads/8575e2e8d2f18ad5_20260809.png HTTP/1.1[0m" 304 -
2026-08-09 14:21:42,532 [INFO] 127.0.0.1 - - [09/Aug/2026 14:21:42] "[36mGET /static/uploads/7db5ede6818ab167_20260809.png HTTP/1.1[0m" 304 -
2026-08-09 14:21:42,537 [INFO] 127.0.0.1 - - [09/Aug/2026 14:21:42] "[36mGET /static/uploads/d162029c3955a864_20260809.png HTTP/1.1[0m" 304 -
2026-08-09 14:21:42,543 [INFO] 127.0.0.1 - - [09/Aug/2026 14:21:42] "[36mGET /static/uploads/12ebbb75ce50b886_20260809.png HTTP/1.1[0m" 304 -
2026-08-09 14:21:42,551 [INFO] 127.0.0.1 - - [09/Aug/2026 14:21:42] "[36mGET /static/uploads/2fc8983835a6680a_20260809.png HTTP/1.1[0m" 304 -
2026-08-09 14:21:42,552 [INFO] 127.0.0.1 - - [09/Aug/2026 14:21:42] "[36mGET /static/uploads/d714f47fd3575dd0_20260809.png HTTP/1.1[0m" 304 -
2026-08-09 14:21:42,556 [INFO] 127.0.0.1 - - [09/Aug/2026 14:21:42] "[36mGET /static/uploads/cc418aec70d76c00_20260809.png HTTP/1.1[0m" 304 -
2026-08-09 14:21:42,559 [INFO] 127.0.0.1 - - [09/Aug/2026 14:21:42] "[36mGET /static/uploads/1f1f1a223c74b36b_20260809.png HTTP/1.1[0m" 304 -
2026-08-09 14:21:42,564 [INFO] 127.0.0.1 - - [09/Aug/2026 14:21:42] "[36mGET /static/uploads/f2f52b59385aef46_20260809.png HTTP/1.1[0m" 304 -
2026-08-09 14:21:42,566 [INFO] 127.0.0.1 - - [09/Aug/2026 14:21:42] "[36mGET /static/uploads/19b43d9302537130_20260809.png HTTP/1.1[0m" 304 -
2026-08-09 14:23:33,085 [WARNING] SECRET_KEY not set in environment. Auto-generated for local testing. In production, set a strong SECRET_KEY env var!
2026-08-09 14:23:34,432 [INFO] [31m[1mWARNING: This is a development server. Do not use it in a production deployment. Use a production WSGI server instead.[0m
 * Running on all addresses (0.0.0.0)
 * Running on http://127.0.0.1:5000
 * Running on http://10.242.62.42:5000
2026-08-09 14:23:34,433 [INFO] [33mPress CTRL+C to quit[0m
2026-08-09 14:23:45,572 [WARNING] Unauthorized access attempt to /admin - IP: 127.0.0.1
2026-08-09 14:23:45,577 [INFO] 127.0.0.1 - - [09/Aug/2026 14:23:45] "[32mGET /admin HTTP/1.1[0m" 302 -
2026-08-09 14:23:45,613 [INFO] 127.0.0.1 - - [09/Aug/2026 14:23:45] "GET /admin/login HTTP/1.1" 200 -
2026-08-09 14:23:45,652 [INFO] 127.0.0.1 - - [09/Aug/2026 14:23:45] "[33mGET /static/profile.jpg HTTP/1.1[0m" 404 -
2026-08-09 14:23:45,806 [INFO] 127.0.0.1 - - [09/Aug/2026 14:23:45] "[36mGET /static/css/style.css HTTP/1.1[0m" 304 -
2026-08-09 14:23:45,807 [INFO] 127.0.0.1 - - [09/Aug/2026 14:23:45] "[36mGET /static/js/main.js HTTP/1.1[0m" 304 -
2026-08-09 14:24:10,070 [WARNING] SECRET_KEY not set in environment. Auto-generated for local testing. In production, set a strong SECRET_KEY env var!
2026-08-09 14:24:11,592 [INFO] [31m[1mWARNING: This is a development server. Do not use it in a production deployment. Use a production WSGI server instead.[0m
 * Running on all addresses (0.0.0.0)
 * Running on http://127.0.0.1:5000
 * Running on http://10.242.62.42:5000
2026-08-09 14:24:11,593 [INFO] [33mPress CTRL+C to quit[0m
2026-08-09 14:24:20,295 [WARNING] CSRF validation failed - IP: 127.0.0.1
2026-08-09 14:24:20,296 [WARNING] 403 error at /admin/login from 127.0.0.1
2026-08-09 14:24:20,301 [INFO] 127.0.0.1 - - [09/Aug/2026 14:24:20] "[31m[1mPOST /admin/login HTTP/1.1[0m" 403 -
2026-08-09 14:24:25,962 [INFO] 127.0.0.1 - - [09/Aug/2026 14:24:25] "GET /admin/login HTTP/1.1" 200 -
2026-08-09 14:24:25,982 [INFO] 127.0.0.1 - - [09/Aug/2026 14:24:25] "[33mGET /static/profile.jpg HTTP/1.1[0m" 404 -
2026-08-09 14:24:30,907 [WARNING] Login attempt from 127.0.0.1 - Email: dmin@portfolio.local - Success: False
2026-08-09 14:24:30,908 [INFO] 127.0.0.1 - - [09/Aug/2026 14:24:30] "POST /admin/login HTTP/1.1" 200 -
2026-08-09 14:24:30,933 [INFO] 127.0.0.1 - - [09/Aug/2026 14:24:30] "[33mGET /static/profile.jpg HTTP/1.1[0m" 404 -
2026-08-09 14:24:31,073 [INFO] 127.0.0.1 - - [09/Aug/2026 14:24:31] "[36mGET /static/css/style.css HTTP/1.1[0m" 304 -
2026-08-09 14:24:31,078 [INFO] 127.0.0.1 - - [09/Aug/2026 14:24:31] "[36mGET /static/js/main.js HTTP/1.1[0m" 304 -
2026-08-09 14:24:43,662 [INFO] Login attempt from 127.0.0.1 - Email: admin@portfolio.local - Success: True
2026-08-09 14:24:43,663 [INFO] Admin login successful from 127.0.0.1
2026-08-09 14:24:43,664 [INFO] 127.0.0.1 - - [09/Aug/2026 14:24:43] "[32mPOST /admin/login HTTP/1.1[0m" 302 -
2026-08-09 14:24:43,684 [INFO] 127.0.0.1 - - [09/Aug/2026 14:24:43] "GET /admin HTTP/1.1" 200 -
2026-08-09 14:24:43,726 [INFO] 127.0.0.1 - - [09/Aug/2026 14:24:43] "[36mGET /static/css/style.css HTTP/1.1[0m" 304 -
2026-08-09 14:24:43,738 [INFO] 127.0.0.1 - - [09/Aug/2026 14:24:43] "[33mGET /static/profile.jpg HTTP/1.1[0m" 404 -
2026-08-09 14:24:43,740 [INFO] 127.0.0.1 - - [09/Aug/2026 14:24:43] "[36mGET /static/js/main.js HTTP/1.1[0m" 304 -
2026-08-09 14:24:43,795 [INFO] 127.0.0.1 - - [09/Aug/2026 14:24:43] "[36mGET /static/uploads/16ede969e9777af1_20260809.png HTTP/1.1[0m" 304 -
2026-08-09 14:24:43,801 [INFO] 127.0.0.1 - - [09/Aug/2026 14:24:43] "[36mGET /static/uploads/604cca848fd5f441_20260809.png HTTP/1.1[0m" 304 -
2026-08-09 14:24:43,804 [INFO] 127.0.0.1 - - [09/Aug/2026 14:24:43] "[36mGET /static/uploads/dc3f5b6fe00aed5b_20260809.png HTTP/1.1[0m" 304 -
2026-08-09 14:24:43,808 [INFO] 127.0.0.1 - - [09/Aug/2026 14:24:43] "[36mGET /static/uploads/7de0d986c85a80a5_20260809.png HTTP/1.1[0m" 304 -
2026-08-09 14:24:43,834 [INFO] 127.0.0.1 - - [09/Aug/2026 14:24:43] "[36mGET /static/uploads/db05565a2cd5aec8_20260809.png HTTP/1.1[0m" 304 -
2026-08-09 14:24:43,836 [INFO] 127.0.0.1 - - [09/Aug/2026 14:24:43] "[36mGET /static/uploads/c677ac16a92a7ab6_20260809.png HTTP/1.1[0m" 304 -
2026-08-09 14:24:43,852 [INFO] 127.0.0.1 - - [09/Aug/2026 14:24:43] "[36mGET /static/uploads/5889b4f3b6426b72_20260809.png HTTP/1.1[0m" 304 -
2026-08-09 14:24:43,868 [INFO] 127.0.0.1 - - [09/Aug/2026 14:24:43] "[36mGET /static/uploads/6fa75660d7c6ba99_20260809.png HTTP/1.1[0m" 304 -
2026-08-09 14:24:43,878 [INFO] 127.0.0.1 - - [09/Aug/2026 14:24:43] "[36mGET /static/uploads/eb68604ff191a0c4_20260809.png HTTP/1.1[0m" 304 -
2026-08-09 14:24:43,881 [INFO] 127.0.0.1 - - [09/Aug/2026 14:24:43] "[36mGET /static/uploads/2667e8e9ff243507_20260809.png HTTP/1.1[0m" 304 -
2026-08-09 14:24:43,884 [INFO] 127.0.0.1 - - [09/Aug/2026 14:24:43] "[36mGET /static/uploads/76cc2ce314903c76_20260809.png HTTP/1.1[0m" 304 -
2026-08-09 14:24:43,890 [INFO] 127.0.0.1 - - [09/Aug/2026 14:24:43] "[36mGET /static/uploads/b170cee5fbd41e69_20260809.png HTTP/1.1[0m" 304 -
2026-08-09 14:24:46,550 [INFO] 127.0.0.1 - - [09/Aug/2026 14:24:46] "[36mGET /static/uploads/8575e2e8d2f18ad5_20260809.png HTTP/1.1[0m" 304 -
2026-08-09 14:24:46,551 [INFO] 127.0.0.1 - - [09/Aug/2026 14:24:46] "[36mGET /static/uploads/7db5ede6818ab167_20260809.png HTTP/1.1[0m" 304 -
2026-08-09 14:24:46,552 [INFO] 127.0.0.1 - - [09/Aug/2026 14:24:46] "[36mGET /static/uploads/d162029c3955a864_20260809.png HTTP/1.1[0m" 304 -
2026-08-09 14:24:46,774 [INFO] 127.0.0.1 - - [09/Aug/2026 14:24:46] "[36mGET /static/uploads/12ebbb75ce50b886_20260809.png HTTP/1.1[0m" 304 -
2026-08-09 14:24:46,777 [INFO] 127.0.0.1 - - [09/Aug/2026 14:24:46] "[36mGET /static/uploads/2fc8983835a6680a_20260809.png HTTP/1.1[0m" 304 -
2026-08-09 14:24:46,778 [INFO] 127.0.0.1 - - [09/Aug/2026 14:24:46] "[36mGET /static/uploads/d714f47fd3575dd0_20260809.png HTTP/1.1[0m" 304 -
2026-08-09 14:24:47,885 [INFO] 127.0.0.1 - - [09/Aug/2026 14:24:47] "[36mGET /static/uploads/1f1f1a223c74b36b_20260809.png HTTP/1.1[0m" 304 -
2026-08-09 14:24:47,885 [INFO] 127.0.0.1 - - [09/Aug/2026 14:24:47] "[36mGET /static/uploads/cc418aec70d76c00_20260809.png HTTP/1.1[0m" 304 -
2026-08-09 14:24:47,886 [INFO] 127.0.0.1 - - [09/Aug/2026 14:24:47] "[36mGET /static/uploads/f2f52b59385aef46_20260809.png HTTP/1.1[0m" 304 -
2026-08-09 14:24:48,238 [INFO] 127.0.0.1 - - [09/Aug/2026 14:24:48] "[36mGET /static/uploads/1bafb088ed2dfba8_20260809.png HTTP/1.1[0m" 304 -
2026-08-09 14:24:48,239 [INFO] 127.0.0.1 - - [09/Aug/2026 14:24:48] "[36mGET /static/uploads/19b43d9302537130_20260809.png HTTP/1.1[0m" 304 -
2026-08-09 14:24:48,241 [INFO] 127.0.0.1 - - [09/Aug/2026 14:24:48] "[36mGET /static/uploads/50f38a42093157c8_20260809.png HTTP/1.1[0m" 304 -
2026-08-09 14:24:49,033 [INFO] 127.0.0.1 - - [09/Aug/2026 14:24:49] "[36mGET /static/uploads/00f6e467cf19cf95_20260809.png HTTP/1.1[0m" 304 -
2026-08-09 14:24:49,033 [INFO] 127.0.0.1 - - [09/Aug/2026 14:24:49] "[36mGET /static/uploads/f1a30021c45398c9_20260809.png HTTP/1.1[0m" 304 -
2026-08-09 14:24:49,035 [INFO] 127.0.0.1 - - [09/Aug/2026 14:24:49] "[36mGET /static/uploads/6ff37e05066f5cee_20260809.png HTTP/1.1[0m" 304 -
2026-08-09 14:25:01,056 [INFO] 127.0.0.1 - - [09/Aug/2026 14:25:01] "GET / HTTP/1.1" 200 -
2026-08-09 14:25:01,078 [INFO] 127.0.0.1 - - [09/Aug/2026 14:25:01] "[36mGET /static/css/style.css HTTP/1.1[0m" 304 -
2026-08-09 14:25:01,090 [INFO] 127.0.0.1 - - [09/Aug/2026 14:25:01] "[33mGET /static/profile.jpg HTTP/1.1[0m" 404 -
2026-08-09 14:25:01,098 [INFO] 127.0.0.1 - - [09/Aug/2026 14:25:01] "[33mGET /static/uploads/manoj_profile.jpg HTTP/1.1[0m" 404 -
2026-08-09 14:25:01,106 [INFO] 127.0.0.1 - - [09/Aug/2026 14:25:01] "[36mGET /static/uploads/00f6e467cf19cf95_20260809.png HTTP/1.1[0m" 304 -
2026-08-09 14:25:01,109 [INFO] 127.0.0.1 - - [09/Aug/2026 14:25:01] "[36mGET /static/uploads/f1a30021c45398c9_20260809.png HTTP/1.1[0m" 304 -
2026-08-09 14:25:01,110 [INFO] 127.0.0.1 - - [09/Aug/2026 14:25:01] "[36mGET /static/uploads/6ff37e05066f5cee_20260809.png HTTP/1.1[0m" 304 -
2026-08-09 14:25:01,113 [INFO] 127.0.0.1 - - [09/Aug/2026 14:25:01] "[36mGET /static/uploads/50f38a42093157c8_20260809.png HTTP/1.1[0m" 304 -
2026-08-09 14:25:01,116 [INFO] 127.0.0.1 - - [09/Aug/2026 14:25:01] "[36mGET /static/js/main.js HTTP/1.1[0m" 304 -
2026-08-09 14:25:01,144 [INFO] 127.0.0.1 - - [09/Aug/2026 14:25:01] "[36mGET /static/uploads/dc3f5b6fe00aed5b_20260809.png HTTP/1.1[0m" 304 -
2026-08-09 14:25:01,145 [INFO] 127.0.0.1 - - [09/Aug/2026 14:25:01] "[36mGET /static/uploads/16ede969e9777af1_20260809.png HTTP/1.1[0m" 304 -
2026-08-09 14:25:01,148 [INFO] 127.0.0.1 - - [09/Aug/2026 14:25:01] "[36mGET /static/uploads/db05565a2cd5aec8_20260809.png HTTP/1.1[0m" 304 -
2026-08-09 14:25:01,149 [INFO] 127.0.0.1 - - [09/Aug/2026 14:25:01] "[36mGET /static/uploads/604cca848fd5f441_20260809.png HTTP/1.1[0m" 304 -
2026-08-09 14:25:01,151 [INFO] 127.0.0.1 - - [09/Aug/2026 14:25:01] "[36mGET /static/uploads/c677ac16a92a7ab6_20260809.png HTTP/1.1[0m" 304 -
2026-08-09 14:25:01,153 [INFO] 127.0.0.1 - - [09/Aug/2026 14:25:01] "[36mGET /static/uploads/7de0d986c85a80a5_20260809.png HTTP/1.1[0m" 304 -
2026-08-09 14:25:01,171 [INFO] 127.0.0.1 - - [09/Aug/2026 14:25:01] "[36mGET /static/uploads/5889b4f3b6426b72_20260809.png HTTP/1.1[0m" 304 -
2026-08-09 14:25:01,174 [INFO] 127.0.0.1 - - [09/Aug/2026 14:25:01] "[36mGET /static/uploads/6fa75660d7c6ba99_20260809.png HTTP/1.1[0m" 304 -
2026-08-09 14:25:01,176 [INFO] 127.0.0.1 - - [09/Aug/2026 14:25:01] "[36mGET /static/uploads/2667e8e9ff243507_20260809.png HTTP/1.1[0m" 304 -
2026-08-09 14:25:01,181 [INFO] 127.0.0.1 - - [09/Aug/2026 14:25:01] "[36mGET /static/uploads/eb68604ff191a0c4_20260809.png HTTP/1.1[0m" 304 -
2026-08-09 14:25:01,190 [INFO] 127.0.0.1 - - [09/Aug/2026 14:25:01] "[36mGET /static/uploads/76cc2ce314903c76_20260809.png HTTP/1.1[0m" 304 -
2026-08-09 14:25:01,197 [INFO] 127.0.0.1 - - [09/Aug/2026 14:25:01] "[36mGET /static/uploads/b170cee5fbd41e69_20260809.png HTTP/1.1[0m" 304 -
2026-08-09 14:25:01,200 [INFO] 127.0.0.1 - - [09/Aug/2026 14:25:01] "[36mGET /static/uploads/7db5ede6818ab167_20260809.png HTTP/1.1[0m" 304 -
2026-08-09 14:25:01,201 [INFO] 127.0.0.1 - - [09/Aug/2026 14:25:01] "[36mGET /static/uploads/8575e2e8d2f18ad5_20260809.png HTTP/1.1[0m" 304 -
2026-08-09 14:25:01,205 [INFO] 127.0.0.1 - - [09/Aug/2026 14:25:01] "[36mGET /static/uploads/d162029c3955a864_20260809.png HTTP/1.1[0m" 304 -
2026-08-09 14:25:01,218 [INFO] 127.0.0.1 - - [09/Aug/2026 14:25:01] "[36mGET /static/uploads/12ebbb75ce50b886_20260809.png HTTP/1.1[0m" 304 -
2026-08-09 14:25:01,222 [INFO] 127.0.0.1 - - [09/Aug/2026 14:25:01] "[36mGET /static/uploads/2fc8983835a6680a_20260809.png HTTP/1.1[0m" 304 -
2026-08-09 14:25:01,231 [INFO] 127.0.0.1 - - [09/Aug/2026 14:25:01] "[36mGET /static/uploads/d714f47fd3575dd0_20260809.png HTTP/1.1[0m" 304 -
2026-08-09 14:25:01,233 [INFO] 127.0.0.1 - - [09/Aug/2026 14:25:01] "[36mGET /static/uploads/cc418aec70d76c00_20260809.png HTTP/1.1[0m" 304 -
2026-08-09 14:25:01,237 [INFO] 127.0.0.1 - - [09/Aug/2026 14:25:01] "[36mGET /static/uploads/1f1f1a223c74b36b_20260809.png HTTP/1.1[0m" 304 -
2026-08-09 14:25:01,242 [INFO] 127.0.0.1 - - [09/Aug/2026 14:25:01] "[36mGET /static/uploads/f2f52b59385aef46_20260809.png HTTP/1.1[0m" 304 -
2026-08-09 14:25:01,246 [INFO] 127.0.0.1 - - [09/Aug/2026 14:25:01] "[36mGET /static/uploads/19b43d9302537130_20260809.png HTTP/1.1[0m" 304 -
2026-08-09 14:25:01,254 [INFO] 127.0.0.1 - - [09/Aug/2026 14:25:01] "[36mGET /static/uploads/1bafb088ed2dfba8_20260809.png HTTP/1.1[0m" 304 -
2026-08-09 14:28:42,617 [WARNING] SECRET_KEY not set in environment. Auto-generated for local testing. In production, set a strong SECRET_KEY env var!
2026-08-09 14:28:43,942 [INFO] [31m[1mWARNING: This is a development server. Do not use it in a production deployment. Use a production WSGI server instead.[0m
 * Running on all addresses (0.0.0.0)
 * Running on http://127.0.0.1:5000
 * Running on http://10.242.62.42:5000
2026-08-09 14:28:43,942 [INFO] [33mPress CTRL+C to quit[0m
2026-08-09 14:28:47,904 [INFO] 127.0.0.1 - - [09/Aug/2026 14:28:47] "GET / HTTP/1.1" 200 -
2026-08-09 14:28:47,953 [INFO] 127.0.0.1 - - [09/Aug/2026 14:28:47] "[33mGET /static/profile.jpg HTTP/1.1[0m" 404 -
2026-08-09 14:28:47,956 [INFO] 127.0.0.1 - - [09/Aug/2026 14:28:47] "[33mGET /static/uploads/manoj_profile.jpg HTTP/1.1[0m" 404 -
2026-08-09 14:28:48,258 [INFO] 127.0.0.1 - - [09/Aug/2026 14:28:48] "[36mGET /static/css/style.css HTTP/1.1[0m" 304 -
2026-08-09 14:28:48,261 [INFO] 127.0.0.1 - - [09/Aug/2026 14:28:48] "[36mGET /static/uploads/6ff37e05066f5cee_20260809.png HTTP/1.1[0m" 304 -
2026-08-09 14:28:48,269 [INFO] 127.0.0.1 - - [09/Aug/2026 14:28:48] "[36mGET /static/uploads/c677ac16a92a7ab6_20260809.png HTTP/1.1[0m" 304 -
2026-08-09 14:28:48,270 [INFO] 127.0.0.1 - - [09/Aug/2026 14:28:48] "[36mGET /static/uploads/f1a30021c45398c9_20260809.png HTTP/1.1[0m" 304 -
2026-08-09 14:28:48,271 [INFO] 127.0.0.1 - - [09/Aug/2026 14:28:48] "[36mGET /static/uploads/db05565a2cd5aec8_20260809.png HTTP/1.1[0m" 304 -
2026-08-09 14:28:48,277 [INFO] 127.0.0.1 - - [09/Aug/2026 14:28:48] "[36mGET /static/uploads/00f6e467cf19cf95_20260809.png HTTP/1.1[0m" 304 -
2026-08-09 14:28:48,282 [INFO] 127.0.0.1 - - [09/Aug/2026 14:28:48] "[36mGET /static/uploads/dc3f5b6fe00aed5b_20260809.png HTTP/1.1[0m" 304 -
2026-08-09 14:28:48,283 [INFO] 127.0.0.1 - - [09/Aug/2026 14:28:48] "[36mGET /static/uploads/604cca848fd5f441_20260809.png HTTP/1.1[0m" 304 -
2026-08-09 14:28:48,291 [INFO] 127.0.0.1 - - [09/Aug/2026 14:28:48] "[36mGET /static/uploads/7de0d986c85a80a5_20260809.png HTTP/1.1[0m" 304 -
2026-08-09 14:28:48,295 [INFO] 127.0.0.1 - - [09/Aug/2026 14:28:48] "[36mGET /static/uploads/19b43d9302537130_20260809.png HTTP/1.1[0m" 304 -
2026-08-09 14:28:48,297 [INFO] 127.0.0.1 - - [09/Aug/2026 14:28:48] "[36mGET /static/uploads/16ede969e9777af1_20260809.png HTTP/1.1[0m" 304 -
2026-08-09 14:28:48,302 [INFO] 127.0.0.1 - - [09/Aug/2026 14:28:48] "GET /static/js/main.js HTTP/1.1" 200 -
2026-08-09 14:28:48,310 [INFO] 127.0.0.1 - - [09/Aug/2026 14:28:48] "[36mGET /static/uploads/1bafb088ed2dfba8_20260809.png HTTP/1.1[0m" 304 -
2026-08-09 14:28:48,315 [INFO] 127.0.0.1 - - [09/Aug/2026 14:28:48] "[36mGET /static/uploads/50f38a42093157c8_20260809.png HTTP/1.1[0m" 304 -
2026-08-09 14:28:48,319 [INFO] 127.0.0.1 - - [09/Aug/2026 14:28:48] "[36mGET /static/uploads/5889b4f3b6426b72_20260809.png HTTP/1.1[0m" 304 -
2026-08-09 14:28:48,324 [INFO] 127.0.0.1 - - [09/Aug/2026 14:28:48] "[36mGET /static/uploads/6fa75660d7c6ba99_20260809.png HTTP/1.1[0m" 304 -
2026-08-09 14:28:48,335 [INFO] 127.0.0.1 - - [09/Aug/2026 14:28:48] "[36mGET /static/uploads/2667e8e9ff243507_20260809.png HTTP/1.1[0m" 304 -
2026-08-09 14:28:48,338 [INFO] 127.0.0.1 - - [09/Aug/2026 14:28:48] "[36mGET /static/uploads/eb68604ff191a0c4_20260809.png HTTP/1.1[0m" 304 -
2026-08-09 14:28:48,342 [INFO] 127.0.0.1 - - [09/Aug/2026 14:28:48] "[36mGET /static/uploads/76cc2ce314903c76_20260809.png HTTP/1.1[0m" 304 -
2026-08-09 14:28:48,353 [INFO] 127.0.0.1 - - [09/Aug/2026 14:28:48] "[36mGET /static/uploads/b170cee5fbd41e69_20260809.png HTTP/1.1[0m" 304 -
2026-08-09 14:28:48,358 [INFO] 127.0.0.1 - - [09/Aug/2026 14:28:48] "[36mGET /static/uploads/8575e2e8d2f18ad5_20260809.png HTTP/1.1[0m" 304 -
2026-08-09 14:28:48,370 [INFO] 127.0.0.1 - - [09/Aug/2026 14:28:48] "[36mGET /static/uploads/7db5ede6818ab167_20260809.png HTTP/1.1[0m" 304 -
2026-08-09 14:28:48,395 [INFO] 127.0.0.1 - - [09/Aug/2026 14:28:48] "[36mGET /static/uploads/d162029c3955a864_20260809.png HTTP/1.1[0m" 304 -
2026-08-09 14:28:48,403 [INFO] 127.0.0.1 - - [09/Aug/2026 14:28:48] "[36mGET /static/uploads/12ebbb75ce50b886_20260809.png HTTP/1.1[0m" 304 -
2026-08-09 14:28:48,414 [INFO] 127.0.0.1 - - [09/Aug/2026 14:28:48] "[36mGET /static/uploads/2fc8983835a6680a_20260809.png HTTP/1.1[0m" 304 -
2026-08-09 14:28:48,425 [INFO] 127.0.0.1 - - [09/Aug/2026 14:28:48] "[36mGET /static/uploads/d714f47fd3575dd0_20260809.png HTTP/1.1[0m" 304 -
2026-08-09 14:28:48,443 [INFO] 127.0.0.1 - - [09/Aug/2026 14:28:48] "[36mGET /static/uploads/cc418aec70d76c00_20260809.png HTTP/1.1[0m" 304 -
2026-08-09 14:28:48,454 [INFO] 127.0.0.1 - - [09/Aug/2026 14:28:48] "[36mGET /static/uploads/1f1f1a223c74b36b_20260809.png HTTP/1.1[0m" 304 -
2026-08-09 14:28:48,485 [INFO] 127.0.0.1 - - [09/Aug/2026 14:28:48] "[36mGET /static/uploads/f2f52b59385aef46_20260809.png HTTP/1.1[0m" 304 -
2026-08-09 14:29:24,788 [INFO] 127.0.0.1 - - [09/Aug/2026 14:29:24] "GET /internship HTTP/1.1" 200 -
2026-08-09 14:29:24,813 [INFO] 127.0.0.1 - - [09/Aug/2026 14:29:24] "[36mGET /static/css/style.css HTTP/1.1[0m" 304 -
2026-08-09 14:29:24,818 [INFO] 127.0.0.1 - - [09/Aug/2026 14:29:24] "[33mGET /static/profile.jpg HTTP/1.1[0m" 404 -
2026-08-09 14:29:24,824 [INFO] 127.0.0.1 - - [09/Aug/2026 14:29:24] "[36mGET /static/js/main.js HTTP/1.1[0m" 304 -
2026-08-09 14:29:28,310 [INFO] 127.0.0.1 - - [09/Aug/2026 14:29:28] "[33mGET /static/uploads/ShadowFox_Certificate.pdf HTTP/1.1[0m" 404 -
2026-08-09 14:29:34,433 [INFO] 127.0.0.1 - - [09/Aug/2026 14:29:34] "GET /static/uploads/TFTPL_Internship_certificate_Manoj_M.pdf HTTP/1.1" 200 -
2026-08-09 14:29:46,929 [INFO] 127.0.0.1 - - [09/Aug/2026 14:29:46] "[36mGET /static/uploads/TFTPL_Internship_certificate_Manoj_M.pdf HTTP/1.1[0m" 304 -
2026-08-09 14:31:58,829 [WARNING] SECRET_KEY not set in environment. Auto-generated for local testing. In production, set a strong SECRET_KEY env var!
2026-08-09 14:32:00,155 [INFO] [31m[1mWARNING: This is a development server. Do not use it in a production deployment. Use a production WSGI server instead.[0m
 * Running on all addresses (0.0.0.0)
 * Running on http://127.0.0.1:5000
 * Running on http://10.242.62.42:5000
2026-08-09 14:32:00,155 [INFO] [33mPress CTRL+C to quit[0m
2026-08-09 14:32:00,318 [INFO] 127.0.0.1 - - [09/Aug/2026 14:32:00] "GET / HTTP/1.1" 200 -
2026-08-09 14:32:00,353 [INFO] 127.0.0.1 - - [09/Aug/2026 14:32:00] "[33mGET /static/uploads/Manoj_Profile.jpg HTTP/1.1[0m" 404 -
2026-08-09 14:32:00,474 [INFO] 127.0.0.1 - - [09/Aug/2026 14:32:00] "[36mGET /static/css/style.css HTTP/1.1[0m" 304 -
2026-08-09 14:32:00,476 [INFO] 127.0.0.1 - - [09/Aug/2026 14:32:00] "[36mGET /static/js/main.js HTTP/1.1[0m" 304 -
2026-08-09 14:32:00,544 [INFO] 127.0.0.1 - - [09/Aug/2026 14:32:00] "[33mGET /static/profile.jpg HTTP/1.1[0m" 404 -
2026-08-09 14:32:00,626 [INFO] 127.0.0.1 - - [09/Aug/2026 14:32:00] "[36mGET /static/uploads/f1a30021c45398c9_20260809.png HTTP/1.1[0m" 304 -
2026-08-09 14:32:00,627 [INFO] 127.0.0.1 - - [09/Aug/2026 14:32:00] "[36mGET /static/uploads/6ff37e05066f5cee_20260809.png HTTP/1.1[0m" 304 -
2026-08-09 14:32:00,630 [INFO] 127.0.0.1 - - [09/Aug/2026 14:32:00] "[36mGET /static/uploads/00f6e467cf19cf95_20260809.png HTTP/1.1[0m" 304 -
2026-08-09 14:32:00,633 [INFO] 127.0.0.1 - - [09/Aug/2026 14:32:00] "[36mGET /static/uploads/50f38a42093157c8_20260809.png HTTP/1.1[0m" 304 -
2026-08-09 14:32:17,107 [INFO] 127.0.0.1 - - [09/Aug/2026 14:32:17] "GET / HTTP/1.1" 200 -
2026-08-09 14:32:17,134 [INFO] 127.0.0.1 - - [09/Aug/2026 14:32:17] "[36mGET /static/css/style.css HTTP/1.1[0m" 304 -
2026-08-09 14:32:17,146 [INFO] 127.0.0.1 - - [09/Aug/2026 14:32:17] "[33mGET /static/profile.jpg HTTP/1.1[0m" 404 -
2026-08-09 14:32:17,147 [INFO] 127.0.0.1 - - [09/Aug/2026 14:32:17] "[33mGET /static/uploads/Manoj_Profile.jpg HTTP/1.1[0m" 404 -
2026-08-09 14:32:17,151 [INFO] 127.0.0.1 - - [09/Aug/2026 14:32:17] "[36mGET /static/js/main.js HTTP/1.1[0m" 304 -
2026-08-09 14:32:17,153 [INFO] 127.0.0.1 - - [09/Aug/2026 14:32:17] "[36mGET /static/uploads/00f6e467cf19cf95_20260809.png HTTP/1.1[0m" 304 -
2026-08-09 14:32:17,158 [INFO] 127.0.0.1 - - [09/Aug/2026 14:32:17] "[36mGET /static/uploads/f1a30021c45398c9_20260809.png HTTP/1.1[0m" 304 -
2026-08-09 14:32:17,164 [INFO] 127.0.0.1 - - [09/Aug/2026 14:32:17] "[36mGET /static/uploads/6ff37e05066f5cee_20260809.png HTTP/1.1[0m" 304 -
2026-08-09 14:32:17,168 [INFO] 127.0.0.1 - - [09/Aug/2026 14:32:17] "[36mGET /static/uploads/50f38a42093157c8_20260809.png HTTP/1.1[0m" 304 -
2026-08-09 14:32:17,217 [INFO] 127.0.0.1 - - [09/Aug/2026 14:32:17] "[36mGET /static/uploads/16ede969e9777af1_20260809.png HTTP/1.1[0m" 304 -
2026-08-09 14:32:17,218 [INFO] 127.0.0.1 - - [09/Aug/2026 14:32:17] "[36mGET /static/uploads/604cca848fd5f441_20260809.png HTTP/1.1[0m" 304 -
2026-08-09 14:32:17,219 [INFO] 127.0.0.1 - - [09/Aug/2026 14:32:17] "[36mGET /static/uploads/dc3f5b6fe00aed5b_20260809.png HTTP/1.1[0m" 304 -
2026-08-09 14:38:55,020 [INFO] 127.0.0.1 - - [09/Aug/2026 14:38:55] "GET / HTTP/1.1" 200 -
2026-08-09 14:38:55,056 [INFO] 127.0.0.1 - - [09/Aug/2026 14:38:55] "[36mGET /static/css/style.css HTTP/1.1[0m" 304 -
2026-08-09 14:38:55,065 [INFO] 127.0.0.1 - - [09/Aug/2026 14:38:55] "[33mGET /static/profile.jpg HTTP/1.1[0m" 404 -
2026-08-09 14:38:55,072 [INFO] 127.0.0.1 - - [09/Aug/2026 14:38:55] "[33mGET /static/uploads/Manoj_Profile.jpg HTTP/1.1[0m" 404 -
2026-08-09 14:38:55,078 [INFO] 127.0.0.1 - - [09/Aug/2026 14:38:55] "[36mGET /static/uploads/00f6e467cf19cf95_20260809.png HTTP/1.1[0m" 304 -
2026-08-09 14:38:55,084 [INFO] 127.0.0.1 - - [09/Aug/2026 14:38:55] "[36mGET /static/uploads/f1a30021c45398c9_20260809.png HTTP/1.1[0m" 304 -
2026-08-09 14:38:55,087 [INFO] 127.0.0.1 - - [09/Aug/2026 14:38:55] "[36mGET /static/uploads/6ff37e05066f5cee_20260809.png HTTP/1.1[0m" 304 -
2026-08-09 14:38:55,090 [INFO] 127.0.0.1 - - [09/Aug/2026 14:38:55] "[36mGET /static/uploads/50f38a42093157c8_20260809.png HTTP/1.1[0m" 304 -
2026-08-09 14:38:55,100 [INFO] 127.0.0.1 - - [09/Aug/2026 14:38:55] "[36mGET /static/js/main.js HTTP/1.1[0m" 304 -
2026-08-09 14:38:55,101 [INFO] 127.0.0.1 - - [09/Aug/2026 14:38:55] "[36mGET /static/uploads/16ede969e9777af1_20260809.png HTTP/1.1[0m" 304 -
2026-08-09 14:38:55,108 [INFO] 127.0.0.1 - - [09/Aug/2026 14:38:55] "[36mGET /static/uploads/604cca848fd5f441_20260809.png HTTP/1.1[0m" 304 -
2026-08-09 14:38:55,112 [INFO] 127.0.0.1 - - [09/Aug/2026 14:38:55] "[36mGET /static/uploads/dc3f5b6fe00aed5b_20260809.png HTTP/1.1[0m" 304 -
2026-08-09 14:39:10,067 [WARNING] SECRET_KEY not set in environment. Auto-generated for local testing. In production, set a strong SECRET_KEY env var!
2026-08-09 14:39:11,425 [INFO] [31m[1mWARNING: This is a development server. Do not use it in a production deployment. Use a production WSGI server instead.[0m
 * Running on all addresses (0.0.0.0)
 * Running on http://127.0.0.1:5000
 * Running on http://10.242.62.42:5000
2026-08-09 14:39:11,426 [INFO] [33mPress CTRL+C to quit[0m
2026-08-09 14:39:12,152 [INFO] 127.0.0.1 - - [09/Aug/2026 14:39:12] "GET / HTTP/1.1" 200 -
2026-08-09 14:39:12,621 [INFO] 127.0.0.1 - - [09/Aug/2026 14:39:12] "[36mGET /static/css/style.css HTTP/1.1[0m" 304 -
2026-08-09 14:39:12,628 [INFO] 127.0.0.1 - - [09/Aug/2026 14:39:12] "[36mGET /static/js/main.js HTTP/1.1[0m" 304 -
2026-08-09 14:39:12,643 [INFO] 127.0.0.1 - - [09/Aug/2026 14:39:12] "[36mGET /static/uploads/16ede969e9777af1_20260809.png HTTP/1.1[0m" 304 -
2026-08-09 14:39:12,644 [INFO] 127.0.0.1 - - [09/Aug/2026 14:39:12] "[36mGET /static/uploads/00f6e467cf19cf95_20260809.png HTTP/1.1[0m" 304 -
2026-08-09 14:39:12,656 [INFO] 127.0.0.1 - - [09/Aug/2026 14:39:12] "[36mGET /static/uploads/f1a30021c45398c9_20260809.png HTTP/1.1[0m" 304 -
2026-08-09 14:39:12,658 [INFO] 127.0.0.1 - - [09/Aug/2026 14:39:12] "GET /static/uploads/Manoj_Profile.jpeg HTTP/1.1" 200 -
2026-08-09 14:39:12,660 [INFO] 127.0.0.1 - - [09/Aug/2026 14:39:12] "[36mGET /static/uploads/6ff37e05066f5cee_20260809.png HTTP/1.1[0m" 304 -
2026-08-09 14:39:12,679 [INFO] 127.0.0.1 - - [09/Aug/2026 14:39:12] "[36mGET /static/uploads/604cca848fd5f441_20260809.png HTTP/1.1[0m" 304 -
2026-08-09 14:39:12,687 [INFO] 127.0.0.1 - - [09/Aug/2026 14:39:12] "[36mGET /static/uploads/50f38a42093157c8_20260809.png HTTP/1.1[0m" 304 -
2026-08-09 14:39:12,688 [INFO] 127.0.0.1 - - [09/Aug/2026 14:39:12] "[36mGET /static/uploads/dc3f5b6fe00aed5b_20260809.png HTTP/1.1[0m" 304 -
2026-08-09 14:39:46,192 [INFO] 127.0.0.1 - - [09/Aug/2026 14:39:46] "[36mGET /static/uploads/db05565a2cd5aec8_20260809.png HTTP/1.1[0m" 304 -
2026-08-09 14:39:46,193 [INFO] 127.0.0.1 - - [09/Aug/2026 14:39:46] "[36mGET /static/uploads/7de0d986c85a80a5_20260809.png HTTP/1.1[0m" 304 -
2026-08-09 14:39:46,195 [INFO] 127.0.0.1 - - [09/Aug/2026 14:39:46] "[36mGET /static/uploads/c677ac16a92a7ab6_20260809.png HTTP/1.1[0m" 304 -
2026-08-09 14:40:27,513 [INFO] 127.0.0.1 - - [09/Aug/2026 14:40:27] "[36mGET /static/uploads/2667e8e9ff243507_20260809.png HTTP/1.1[0m" 304 -
2026-08-09 14:40:27,514 [INFO] 127.0.0.1 - - [09/Aug/2026 14:40:27] "[36mGET /static/uploads/5889b4f3b6426b72_20260809.png HTTP/1.1[0m" 304 -
2026-08-09 14:40:27,515 [INFO] 127.0.0.1 - - [09/Aug/2026 14:40:27] "[36mGET /static/uploads/6fa75660d7c6ba99_20260809.png HTTP/1.1[0m" 304 -
2026-08-09 14:40:28,650 [INFO] 127.0.0.1 - - [09/Aug/2026 14:40:28] "[36mGET /static/uploads/eb68604ff191a0c4_20260809.png HTTP/1.1[0m" 304 -
2026-08-09 14:40:28,653 [INFO] 127.0.0.1 - - [09/Aug/2026 14:40:28] "[36mGET /static/uploads/76cc2ce314903c76_20260809.png HTTP/1.1[0m" 304 -
2026-08-09 14:40:28,655 [INFO] 127.0.0.1 - - [09/Aug/2026 14:40:28] "[36mGET /static/uploads/b170cee5fbd41e69_20260809.png HTTP/1.1[0m" 304 -
2026-08-09 14:40:32,991 [INFO] 127.0.0.1 - - [09/Aug/2026 14:40:32] "[36mGET /static/uploads/8575e2e8d2f18ad5_20260809.png HTTP/1.1[0m" 304 -
2026-08-09 14:40:32,993 [INFO] 127.0.0.1 - - [09/Aug/2026 14:40:32] "[36mGET /static/uploads/7db5ede6818ab167_20260809.png HTTP/1.1[0m" 304 -
2026-08-09 14:40:32,994 [INFO] 127.0.0.1 - - [09/Aug/2026 14:40:32] "[36mGET /static/uploads/d162029c3955a864_20260809.png HTTP/1.1[0m" 304 -
2026-08-09 14:40:35,823 [INFO] 127.0.0.1 - - [09/Aug/2026 14:40:35] "[36mGET /static/uploads/12ebbb75ce50b886_20260809.png HTTP/1.1[0m" 304 -
2026-08-09 14:40:35,823 [INFO] 127.0.0.1 - - [09/Aug/2026 14:40:35] "[36mGET /static/uploads/2fc8983835a6680a_20260809.png HTTP/1.1[0m" 304 -
2026-08-09 14:40:35,825 [INFO] 127.0.0.1 - - [09/Aug/2026 14:40:35] "[36mGET /static/uploads/d714f47fd3575dd0_20260809.png HTTP/1.1[0m" 304 -
2026-08-09 14:40:37,438 [INFO] 127.0.0.1 - - [09/Aug/2026 14:40:37] "[36mGET /static/uploads/cc418aec70d76c00_20260809.png HTTP/1.1[0m" 304 -
2026-08-09 14:40:37,439 [INFO] 127.0.0.1 - - [09/Aug/2026 14:40:37] "[36mGET /static/uploads/1f1f1a223c74b36b_20260809.png HTTP/1.1[0m" 304 -
2026-08-09 14:40:37,441 [INFO] 127.0.0.1 - - [09/Aug/2026 14:40:37] "[36mGET /static/uploads/f2f52b59385aef46_20260809.png HTTP/1.1[0m" 304 -
2026-08-09 14:40:38,851 [INFO] 127.0.0.1 - - [09/Aug/2026 14:40:38] "[36mGET /static/uploads/19b43d9302537130_20260809.png HTTP/1.1[0m" 304 -
2026-08-09 14:40:38,852 [INFO] 127.0.0.1 - - [09/Aug/2026 14:40:38] "[36mGET /static/uploads/1bafb088ed2dfba8_20260809.png HTTP/1.1[0m" 304 -
2026-08-09 14:40:49,404 [INFO] 127.0.0.1 - - [09/Aug/2026 14:40:49] "GET /internship HTTP/1.1" 200 -
2026-08-09 14:40:49,436 [INFO] 127.0.0.1 - - [09/Aug/2026 14:40:49] "[36mGET /static/css/style.css HTTP/1.1[0m" 304 -
2026-08-09 14:40:49,441 [INFO] 127.0.0.1 - - [09/Aug/2026 14:40:49] "[36mGET /static/uploads/Manoj_Profile.jpeg HTTP/1.1[0m" 304 -
2026-08-09 14:40:49,445 [INFO] 127.0.0.1 - - [09/Aug/2026 14:40:49] "[36mGET /static/js/main.js HTTP/1.1[0m" 304 -
2026-08-09 14:41:05,200 [INFO] 127.0.0.1 - - [09/Aug/2026 14:41:05] "GET / HTTP/1.1" 200 -
2026-08-09 14:41:05,238 [INFO] 127.0.0.1 - - [09/Aug/2026 14:41:05] "[36mGET /static/css/style.css HTTP/1.1[0m" 304 -
2026-08-09 14:41:05,247 [INFO] 127.0.0.1 - - [09/Aug/2026 14:41:05] "[36mGET /static/uploads/Manoj_Profile.jpeg HTTP/1.1[0m" 304 -
2026-08-09 14:41:05,263 [INFO] 127.0.0.1 - - [09/Aug/2026 14:41:05] "[36mGET /static/uploads/00f6e467cf19cf95_20260809.png HTTP/1.1[0m" 304 -
2026-08-09 14:41:05,267 [INFO] 127.0.0.1 - - [09/Aug/2026 14:41:05] "[36mGET /static/uploads/f1a30021c45398c9_20260809.png HTTP/1.1[0m" 304 -
2026-08-09 14:41:05,285 [INFO] 127.0.0.1 - - [09/Aug/2026 14:41:05] "[36mGET /static/uploads/6ff37e05066f5cee_20260809.png HTTP/1.1[0m" 304 -
2026-08-09 14:41:05,291 [INFO] 127.0.0.1 - - [09/Aug/2026 14:41:05] "[36mGET /static/uploads/50f38a42093157c8_20260809.png HTTP/1.1[0m" 304 -
2026-08-09 14:41:05,297 [INFO] 127.0.0.1 - - [09/Aug/2026 14:41:05] "[36mGET /static/js/main.js HTTP/1.1[0m" 304 -
2026-08-09 14:41:05,299 [INFO] 127.0.0.1 - - [09/Aug/2026 14:41:05] "[36mGET /static/uploads/16ede969e9777af1_20260809.png HTTP/1.1[0m" 304 -
2026-08-09 14:41:05,304 [INFO] 127.0.0.1 - - [09/Aug/2026 14:41:05] "[36mGET /static/uploads/604cca848fd5f441_20260809.png HTTP/1.1[0m" 304 -
2026-08-09 14:41:05,312 [INFO] 127.0.0.1 - - [09/Aug/2026 14:41:05] "[36mGET /static/uploads/dc3f5b6fe00aed5b_20260809.png HTTP/1.1[0m" 304 -
2026-08-09 14:41:05,319 [INFO] 127.0.0.1 - - [09/Aug/2026 14:41:05] "[36mGET /static/uploads/7de0d986c85a80a5_20260809.png HTTP/1.1[0m" 304 -
2026-08-09 14:41:05,329 [INFO] 127.0.0.1 - - [09/Aug/2026 14:41:05] "[36mGET /static/uploads/c677ac16a92a7ab6_20260809.png HTTP/1.1[0m" 304 -
2026-08-09 14:41:05,332 [INFO] 127.0.0.1 - - [09/Aug/2026 14:41:05] "[36mGET /static/uploads/5889b4f3b6426b72_20260809.png HTTP/1.1[0m" 304 -
2026-08-09 14:41:05,334 [INFO] 127.0.0.1 - - [09/Aug/2026 14:41:05] "[36mGET /static/uploads/db05565a2cd5aec8_20260809.png HTTP/1.1[0m" 304 -
2026-08-09 14:41:05,343 [INFO] 127.0.0.1 - - [09/Aug/2026 14:41:05] "[36mGET /static/uploads/6fa75660d7c6ba99_20260809.png HTTP/1.1[0m" 304 -
2026-08-09 14:41:05,350 [INFO] 127.0.0.1 - - [09/Aug/2026 14:41:05] "[36mGET /static/uploads/2667e8e9ff243507_20260809.png HTTP/1.1[0m" 304 -
2026-08-09 14:41:05,354 [INFO] 127.0.0.1 - - [09/Aug/2026 14:41:05] "[36mGET /static/uploads/eb68604ff191a0c4_20260809.png HTTP/1.1[0m" 304 -
2026-08-09 14:41:05,368 [INFO] 127.0.0.1 - - [09/Aug/2026 14:41:05] "[36mGET /static/uploads/76cc2ce314903c76_20260809.png HTTP/1.1[0m" 304 -
2026-08-09 14:41:05,369 [INFO] 127.0.0.1 - - [09/Aug/2026 14:41:05] "[36mGET /static/uploads/8575e2e8d2f18ad5_20260809.png HTTP/1.1[0m" 304 -
2026-08-09 14:41:05,371 [INFO] 127.0.0.1 - - [09/Aug/2026 14:41:05] "[36mGET /static/uploads/b170cee5fbd41e69_20260809.png HTTP/1.1[0m" 304 -
2026-08-09 14:41:05,382 [INFO] 127.0.0.1 - - [09/Aug/2026 14:41:05] "[36mGET /static/uploads/7db5ede6818ab167_20260809.png HTTP/1.1[0m" 304 -
2026-08-09 14:41:05,402 [INFO] 127.0.0.1 - - [09/Aug/2026 14:41:05] "[36mGET /static/uploads/d162029c3955a864_20260809.png HTTP/1.1[0m" 304 -
2026-08-09 14:41:05,425 [INFO] 127.0.0.1 - - [09/Aug/2026 14:41:05] "[36mGET /static/uploads/12ebbb75ce50b886_20260809.png HTTP/1.1[0m" 304 -
2026-08-09 14:41:05,445 [INFO] 127.0.0.1 - - [09/Aug/2026 14:41:05] "[36mGET /static/uploads/2fc8983835a6680a_20260809.png HTTP/1.1[0m" 304 -
2026-08-09 14:41:05,447 [INFO] 127.0.0.1 - - [09/Aug/2026 14:41:05] "[36mGET /static/uploads/d714f47fd3575dd0_20260809.png HTTP/1.1[0m" 304 -
2026-08-09 14:41:05,452 [INFO] 127.0.0.1 - - [09/Aug/2026 14:41:05] "[36mGET /static/uploads/cc418aec70d76c00_20260809.png HTTP/1.1[0m" 304 -
2026-08-09 14:41:05,462 [INFO] 127.0.0.1 - - [09/Aug/2026 14:41:05] "[36mGET /static/uploads/1f1f1a223c74b36b_20260809.png HTTP/1.1[0m" 304 -
2026-08-09 14:41:05,466 [INFO] 127.0.0.1 - - [09/Aug/2026 14:41:05] "[36mGET /static/uploads/f2f52b59385aef46_20260809.png HTTP/1.1[0m" 304 -
2026-08-09 14:41:05,469 [INFO] 127.0.0.1 - - [09/Aug/2026 14:41:05] "[36mGET /static/uploads/19b43d9302537130_20260809.png HTTP/1.1[0m" 304 -
2026-08-09 14:41:05,477 [INFO] 127.0.0.1 - - [09/Aug/2026 14:41:05] "[36mGET /static/uploads/1bafb088ed2dfba8_20260809.png HTTP/1.1[0m" 304 -
2026-08-09 14:41:10,058 [INFO] 127.0.0.1 - - [09/Aug/2026 14:41:10] "GET /internship HTTP/1.1" 200 -
2026-08-09 14:41:10,101 [INFO] 127.0.0.1 - - [09/Aug/2026 14:41:10] "[36mGET /static/css/style.css HTTP/1.1[0m" 304 -
2026-08-09 14:41:10,108 [INFO] 127.0.0.1 - - [09/Aug/2026 14:41:10] "[36mGET /static/uploads/Manoj_Profile.jpeg HTTP/1.1[0m" 304 -
2026-08-09 14:41:10,113 [INFO] 127.0.0.1 - - [09/Aug/2026 14:41:10] "[36mGET /static/js/main.js HTTP/1.1[0m" 304 -
2026-08-09 14:41:12,998 [INFO] 127.0.0.1 - - [09/Aug/2026 14:41:12] "[36mGET /static/uploads/TFTPL_Internship_certificate_Manoj_M.pdf HTTP/1.1[0m" 304 -
2026-08-09 14:41:35,511 [INFO] 127.0.0.1 - - [09/Aug/2026 14:41:35] "GET /contact HTTP/1.1" 200 -
2026-08-09 14:41:35,536 [INFO] 127.0.0.1 - - [09/Aug/2026 14:41:35] "[36mGET /static/css/style.css HTTP/1.1[0m" 304 -
2026-08-09 14:41:35,544 [INFO] 127.0.0.1 - - [09/Aug/2026 14:41:35] "[36mGET /static/uploads/Manoj_Profile.jpeg HTTP/1.1[0m" 304 -
2026-08-09 14:41:35,547 [INFO] 127.0.0.1 - - [09/Aug/2026 14:41:35] "[36mGET /static/js/main.js HTTP/1.1[0m" 304 -
2026-08-09 14:42:14,783 [INFO] 127.0.0.1 - - [09/Aug/2026 14:42:14] "[36mGET /static/css/style.css HTTP/1.1[0m" 304 -
2026-08-09 14:42:14,881 [INFO] 127.0.0.1 - - [09/Aug/2026 14:42:14] "[33mGET /.well-known/appspecific/com.chrome.devtools.json HTTP/1.1[0m" 404 -
2026-08-09 14:42:20,648 [INFO] 127.0.0.1 - - [09/Aug/2026 14:42:20] "GET /contact HTTP/1.1" 200 -
2026-08-09 14:42:20,736 [INFO] 127.0.0.1 - - [09/Aug/2026 14:42:20] "[36mGET /static/css/style.css HTTP/1.1[0m" 304 -
2026-08-09 14:42:20,746 [INFO] 127.0.0.1 - - [09/Aug/2026 14:42:20] "[36mGET /static/uploads/Manoj_Profile.jpeg HTTP/1.1[0m" 304 -
2026-08-09 14:42:20,749 [INFO] 127.0.0.1 - - [09/Aug/2026 14:42:20] "[36mGET /static/js/main.js HTTP/1.1[0m" 304 -
2026-08-09 14:42:20,795 [INFO] 127.0.0.1 - - [09/Aug/2026 14:42:20] "[33mGET /.well-known/appspecific/com.chrome.devtools.json HTTP/1.1[0m" 404 -
2026-08-09 14:45:51,404 [INFO] 127.0.0.1 - - [09/Aug/2026 14:45:51] "[32mGET /findme HTTP/1.1[0m" 302 -
2026-08-09 14:45:51,413 [INFO] 127.0.0.1 - - [09/Aug/2026 14:45:51] "GET /contact HTTP/1.1" 200 -
2026-08-09 14:45:51,471 [INFO] 127.0.0.1 - - [09/Aug/2026 14:45:51] "[36mGET /static/css/style.css HTTP/1.1[0m" 304 -
2026-08-09 14:45:51,474 [INFO] 127.0.0.1 - - [09/Aug/2026 14:45:51] "[36mGET /static/uploads/Manoj_Profile.jpeg HTTP/1.1[0m" 304 -
2026-08-09 14:45:51,477 [INFO] 127.0.0.1 - - [09/Aug/2026 14:45:51] "[36mGET /static/js/main.js HTTP/1.1[0m" 304 -
2026-08-09 14:45:54,106 [INFO] 127.0.0.1 - - [09/Aug/2026 14:45:54] "GET /contact HTTP/1.1" 200 -
2026-08-09 14:45:54,149 [INFO] 127.0.0.1 - - [09/Aug/2026 14:45:54] "[36mGET /static/css/style.css HTTP/1.1[0m" 304 -
2026-08-09 14:45:54,158 [INFO] 127.0.0.1 - - [09/Aug/2026 14:45:54] "[36mGET /static/js/main.js HTTP/1.1[0m" 304 -
2026-08-09 14:45:54,162 [INFO] 127.0.0.1 - - [09/Aug/2026 14:45:54] "[36mGET /static/uploads/Manoj_Profile.jpeg HTTP/1.1[0m" 304 -
2026-08-09 14:47:31,486 [INFO] 127.0.0.1 - - [09/Aug/2026 14:47:31] "GET /internship HTTP/1.1" 200 -
2026-08-09 14:47:31,521 [INFO] 127.0.0.1 - - [09/Aug/2026 14:47:31] "[36mGET /static/css/style.css HTTP/1.1[0m" 304 -
2026-08-09 14:47:31,527 [INFO] 127.0.0.1 - - [09/Aug/2026 14:47:31] "[36mGET /static/js/main.js HTTP/1.1[0m" 304 -
2026-08-09 14:47:31,528 [INFO] 127.0.0.1 - - [09/Aug/2026 14:47:31] "[36mGET /static/uploads/Manoj_Profile.jpeg HTTP/1.1[0m" 304 -
2026-08-09 14:47:34,257 [INFO] 127.0.0.1 - - [09/Aug/2026 14:47:34] "[33mGET /static/uploads/ShadowFox_Certificate.pdf HTTP/1.1[0m" 404 -
2026-08-09 14:48:02,627 [INFO] 127.0.0.1 - - [09/Aug/2026 14:48:02] "[33mGET /static/uploads/ShadowFox_Certificate.pdf HTTP/1.1[0m" 404 -
2026-08-09 14:48:08,195 [INFO] 127.0.0.1 - - [09/Aug/2026 14:48:08] "[33mGET /static/uploads/ShadowFox_Certificate.pdf HTTP/1.1[0m" 404 -
2026-08-09 14:48:20,314 [WARNING] SECRET_KEY not set in environment. Auto-generated for local testing. In production, set a strong SECRET_KEY env var!
2026-08-09 14:48:21,657 [INFO] [31m[1mWARNING: This is a development server. Do not use it in a production deployment. Use a production WSGI server instead.[0m
 * Running on all addresses (0.0.0.0)
 * Running on http://127.0.0.1:5000
 * Running on http://10.242.62.42:5000
2026-08-09 14:48:21,658 [INFO] [33mPress CTRL+C to quit[0m
2026-08-09 14:48:23,411 [INFO] 127.0.0.1 - - [09/Aug/2026 14:48:23] "GET /internship HTTP/1.1" 200 -
2026-08-09 14:48:23,703 [INFO] 127.0.0.1 - - [09/Aug/2026 14:48:23] "[36mGET /static/uploads/Manoj_Profile.jpeg HTTP/1.1[0m" 304 -
2026-08-09 14:48:23,704 [INFO] 127.0.0.1 - - [09/Aug/2026 14:48:23] "[36mGET /static/css/style.css HTTP/1.1[0m" 304 -
2026-08-09 14:48:23,707 [INFO] 127.0.0.1 - - [09/Aug/2026 14:48:23] "[36mGET /static/js/main.js HTTP/1.1[0m" 304 -
2026-08-09 14:48:25,952 [INFO] 127.0.0.1 - - [09/Aug/2026 14:48:25] "GET /static/uploads/ShadowFox.pdf HTTP/1.1" 200 -
2026-08-09 15:22:32,434 [WARNING] SECRET_KEY not set in environment. Auto-generated for local testing. In production, set a strong SECRET_KEY env var!
2026-08-09 15:22:33,788 [INFO] [31m[1mWARNING: This is a development server. Do not use it in a production deployment. Use a production WSGI server instead.[0m
 * Running on all addresses (0.0.0.0)
 * Running on http://127.0.0.1:5000
 * Running on http://10.242.62.42:5000
2026-08-09 15:22:33,788 [INFO] [33mPress CTRL+C to quit[0m
2026-08-09 15:22:39,556 [INFO] 127.0.0.1 - - [09/Aug/2026 15:22:39] "GET / HTTP/1.1" 200 -
2026-08-09 15:22:39,934 [INFO] 127.0.0.1 - - [09/Aug/2026 15:22:39] "GET /static/css/style.css HTTP/1.1" 200 -
2026-08-09 15:22:39,955 [INFO] 127.0.0.1 - - [09/Aug/2026 15:22:39] "GET /static/uploads/Manoj_Profile.jpeg HTTP/1.1" 200 -
2026-08-09 15:22:39,958 [INFO] 127.0.0.1 - - [09/Aug/2026 15:22:39] "GET /static/js/main.js HTTP/1.1" 200 -
2026-08-09 15:22:40,147 [INFO] 127.0.0.1 - - [09/Aug/2026 15:22:40] "GET /static/uploads/00f6e467cf19cf95_20260809.png HTTP/1.1" 200 -
2026-08-09 15:22:40,147 [INFO] 127.0.0.1 - - [09/Aug/2026 15:22:40] "GET /static/uploads/6ff37e05066f5cee_20260809.png HTTP/1.1" 200 -
2026-08-09 15:22:40,148 [INFO] 127.0.0.1 - - [09/Aug/2026 15:22:40] "GET /static/uploads/f1a30021c45398c9_20260809.png HTTP/1.1" 200 -
2026-08-09 15:22:40,150 [INFO] 127.0.0.1 - - [09/Aug/2026 15:22:40] "GET /static/uploads/50f38a42093157c8_20260809.png HTTP/1.1" 200 -
2026-08-09 15:22:51,525 [INFO] 127.0.0.1 - - [09/Aug/2026 15:22:51] "[33mGET /uploads/Manoj_Resume.pdf HTTP/1.1[0m" 404 -
2026-08-09 15:23:06,107 [INFO] 127.0.0.1 - - [09/Aug/2026 15:23:06] "GET /static/uploads/604cca848fd5f441_20260809.png HTTP/1.1" 200 -
2026-08-09 15:23:06,107 [INFO] 127.0.0.1 - - [09/Aug/2026 15:23:06] "GET /static/uploads/16ede969e9777af1_20260809.png HTTP/1.1" 200 -
2026-08-09 15:23:06,108 [INFO] 127.0.0.1 - - [09/Aug/2026 15:23:06] "GET /static/uploads/dc3f5b6fe00aed5b_20260809.png HTTP/1.1" 200 -
2026-08-09 15:23:11,406 [INFO] 127.0.0.1 - - [09/Aug/2026 15:23:11] "GET /static/uploads/c677ac16a92a7ab6_20260809.png HTTP/1.1" 200 -
2026-08-09 15:23:11,406 [INFO] 127.0.0.1 - - [09/Aug/2026 15:23:11] "GET /static/uploads/db05565a2cd5aec8_20260809.png HTTP/1.1" 200 -
2026-08-09 15:23:11,406 [INFO] 127.0.0.1 - - [09/Aug/2026 15:23:11] "GET /static/uploads/7de0d986c85a80a5_20260809.png HTTP/1.1" 200 -
2026-08-09 15:23:13,202 [INFO] 127.0.0.1 - - [09/Aug/2026 15:23:13] "GET /static/uploads/6fa75660d7c6ba99_20260809.png HTTP/1.1" 200 -
2026-08-09 15:23:13,202 [INFO] 127.0.0.1 - - [09/Aug/2026 15:23:13] "GET /static/uploads/5889b4f3b6426b72_20260809.png HTTP/1.1" 200 -
2026-08-09 15:23:13,204 [INFO] 127.0.0.1 - - [09/Aug/2026 15:23:13] "GET /static/uploads/2667e8e9ff243507_20260809.png HTTP/1.1" 200 -
2026-08-09 15:23:14,921 [INFO] 127.0.0.1 - - [09/Aug/2026 15:23:14] "GET /static/uploads/76cc2ce314903c76_20260809.png HTTP/1.1" 200 -
2026-08-09 15:23:14,927 [INFO] 127.0.0.1 - - [09/Aug/2026 15:23:14] "GET /static/uploads/eb68604ff191a0c4_20260809.png HTTP/1.1" 200 -
2026-08-09 15:23:14,939 [INFO] 127.0.0.1 - - [09/Aug/2026 15:23:14] "GET /static/uploads/b170cee5fbd41e69_20260809.png HTTP/1.1" 200 -
2026-08-09 15:23:20,818 [INFO] 127.0.0.1 - - [09/Aug/2026 15:23:20] "GET /static/uploads/d162029c3955a864_20260809.png HTTP/1.1" 200 -
2026-08-09 15:23:20,824 [INFO] 127.0.0.1 - - [09/Aug/2026 15:23:20] "GET /static/uploads/7db5ede6818ab167_20260809.png HTTP/1.1" 200 -
2026-08-09 15:23:20,830 [INFO] 127.0.0.1 - - [09/Aug/2026 15:23:20] "GET /static/uploads/8575e2e8d2f18ad5_20260809.png HTTP/1.1" 200 -
2026-08-09 15:23:21,778 [INFO] 127.0.0.1 - - [09/Aug/2026 15:23:21] "GET /static/uploads/12ebbb75ce50b886_20260809.png HTTP/1.1" 200 -
2026-08-09 15:23:21,794 [INFO] 127.0.0.1 - - [09/Aug/2026 15:23:21] "GET /static/uploads/2fc8983835a6680a_20260809.png HTTP/1.1" 200 -
2026-08-09 15:23:21,811 [INFO] 127.0.0.1 - - [09/Aug/2026 15:23:21] "GET /static/uploads/d714f47fd3575dd0_20260809.png HTTP/1.1" 200 -
2026-08-09 15:23:23,230 [INFO] 127.0.0.1 - - [09/Aug/2026 15:23:23] "GET /static/uploads/cc418aec70d76c00_20260809.png HTTP/1.1" 200 -
2026-08-09 15:23:23,235 [INFO] 127.0.0.1 - - [09/Aug/2026 15:23:23] "GET /static/uploads/1f1f1a223c74b36b_20260809.png HTTP/1.1" 200 -
2026-08-09 15:23:23,241 [INFO] 127.0.0.1 - - [09/Aug/2026 15:23:23] "GET /static/uploads/f2f52b59385aef46_20260809.png HTTP/1.1" 200 -
2026-08-09 15:23:24,242 [INFO] 127.0.0.1 - - [09/Aug/2026 15:23:24] "GET /static/uploads/19b43d9302537130_20260809.png HTTP/1.1" 200 -
2026-08-09 15:23:24,243 [INFO] 127.0.0.1 - - [09/Aug/2026 15:23:24] "GET /static/uploads/1bafb088ed2dfba8_20260809.png HTTP/1.1" 200 -
2026-08-09 15:27:09,077 [WARNING] SECRET_KEY not set in environment. Auto-generated for local testing. In production, set a strong SECRET_KEY env var!
2026-08-09 15:27:10,416 [INFO] [31m[1mWARNING: This is a development server. Do not use it in a production deployment. Use a production WSGI server instead.[0m
 * Running on all addresses (0.0.0.0)
 * Running on http://127.0.0.1:5000
 * Running on http://10.242.62.42:5000
2026-08-09 15:27:10,417 [INFO] [33mPress CTRL+C to quit[0m
2026-08-09 15:27:51,603 [INFO] 127.0.0.1 - - [09/Aug/2026 15:27:51] "GET / HTTP/1.1" 200 -
2026-08-09 15:27:51,905 [INFO] 127.0.0.1 - - [09/Aug/2026 15:27:51] "GET /static/js/main.js HTTP/1.1" 200 -
2026-08-09 15:27:51,914 [INFO] 127.0.0.1 - - [09/Aug/2026 15:27:51] "GET /static/css/style.css HTTP/1.1" 200 -
2026-08-09 15:27:51,917 [INFO] 127.0.0.1 - - [09/Aug/2026 15:27:51] "GET /static/uploads/Manoj_Profile.jpeg HTTP/1.1" 200 -
2026-08-09 15:27:52,418 [INFO] 127.0.0.1 - - [09/Aug/2026 15:27:52] "GET /static/uploads/00f6e467cf19cf95_20260809.png HTTP/1.1" 200 -
2026-08-09 15:27:52,425 [INFO] 127.0.0.1 - - [09/Aug/2026 15:27:52] "GET /static/uploads/f1a30021c45398c9_20260809.png HTTP/1.1" 200 -
2026-08-09 15:27:52,425 [INFO] 127.0.0.1 - - [09/Aug/2026 15:27:52] "GET /static/uploads/50f38a42093157c8_20260809.png HTTP/1.1" 200 -
2026-08-09 15:27:52,427 [INFO] 127.0.0.1 - - [09/Aug/2026 15:27:52] "GET /static/uploads/6ff37e05066f5cee_20260809.png HTTP/1.1" 200 -
2026-08-09 15:27:52,692 [INFO] 127.0.0.1 - - [09/Aug/2026 15:27:52] "[33mGET /favicon.ico HTTP/1.1[0m" 404 -
2026-08-09 15:27:54,927 [INFO] 127.0.0.1 - - [09/Aug/2026 15:27:54] "[33mGET /uploads/Manoj_Resume.pdf HTTP/1.1[0m" 404 -
2026-08-09 15:32:36,136 [INFO] 127.0.0.1 - - [09/Aug/2026 15:32:36] "GET / HTTP/1.1" 200 -
2026-08-09 15:32:36,165 [INFO] 127.0.0.1 - - [09/Aug/2026 15:32:36] "[36mGET /static/css/style.css HTTP/1.1[0m" 304 -
2026-08-09 15:32:36,167 [INFO] 127.0.0.1 - - [09/Aug/2026 15:32:36] "[33mGET /static/uploads/Manoj_Profile.jpeg HTTP/1.1[0m" 404 -
2026-08-09 15:32:36,178 [INFO] 127.0.0.1 - - [09/Aug/2026 15:32:36] "[36mGET /static/uploads/00f6e467cf19cf95_20260809.png HTTP/1.1[0m" 304 -
2026-08-09 15:32:36,182 [INFO] 127.0.0.1 - - [09/Aug/2026 15:32:36] "[36mGET /static/uploads/f1a30021c45398c9_20260809.png HTTP/1.1[0m" 304 -
2026-08-09 15:32:36,189 [INFO] 127.0.0.1 - - [09/Aug/2026 15:32:36] "[36mGET /static/uploads/6ff37e05066f5cee_20260809.png HTTP/1.1[0m" 304 -
2026-08-09 15:32:36,195 [INFO] 127.0.0.1 - - [09/Aug/2026 15:32:36] "[36mGET /static/uploads/50f38a42093157c8_20260809.png HTTP/1.1[0m" 304 -
2026-08-09 15:32:36,196 [INFO] 127.0.0.1 - - [09/Aug/2026 15:32:36] "[36mGET /static/js/main.js HTTP/1.1[0m" 304 -
2026-08-09 15:32:36,311 [INFO] 127.0.0.1 - - [09/Aug/2026 15:32:36] "GET /static/uploads/16ede969e9777af1_20260809.png HTTP/1.1" 200 -
2026-08-09 15:32:36,314 [INFO] 127.0.0.1 - - [09/Aug/2026 15:32:36] "GET /static/uploads/dc3f5b6fe00aed5b_20260809.png HTTP/1.1" 200 -
2026-08-09 15:32:36,320 [INFO] 127.0.0.1 - - [09/Aug/2026 15:32:36] "GET /static/uploads/604cca848fd5f441_20260809.png HTTP/1.1" 200 -
2026-08-09 15:32:36,321 [INFO] 127.0.0.1 - - [09/Aug/2026 15:32:36] "GET /static/uploads/7de0d986c85a80a5_20260809.png HTTP/1.1" 200 -
2026-08-09 15:32:36,327 [INFO] 127.0.0.1 - - [09/Aug/2026 15:32:36] "GET /static/uploads/c677ac16a92a7ab6_20260809.png HTTP/1.1" 200 -
2026-08-09 15:32:36,328 [INFO] 127.0.0.1 - - [09/Aug/2026 15:32:36] "GET /static/uploads/db05565a2cd5aec8_20260809.png HTTP/1.1" 200 -
2026-08-09 15:32:36,356 [INFO] 127.0.0.1 - - [09/Aug/2026 15:32:36] "GET /static/uploads/5889b4f3b6426b72_20260809.png HTTP/1.1" 200 -
2026-08-09 15:32:36,361 [INFO] 127.0.0.1 - - [09/Aug/2026 15:32:36] "GET /static/uploads/6fa75660d7c6ba99_20260809.png HTTP/1.1" 200 -
2026-08-09 15:32:36,368 [INFO] 127.0.0.1 - - [09/Aug/2026 15:32:36] "GET /static/uploads/2667e8e9ff243507_20260809.png HTTP/1.1" 200 -
2026-08-09 15:32:36,389 [INFO] 127.0.0.1 - - [09/Aug/2026 15:32:36] "GET /static/uploads/eb68604ff191a0c4_20260809.png HTTP/1.1" 200 -
2026-08-09 15:32:36,428 [INFO] 127.0.0.1 - - [09/Aug/2026 15:32:36] "GET /static/uploads/76cc2ce314903c76_20260809.png HTTP/1.1" 200 -
2026-08-09 15:32:36,429 [INFO] 127.0.0.1 - - [09/Aug/2026 15:32:36] "GET /static/uploads/b170cee5fbd41e69_20260809.png HTTP/1.1" 200 -
2026-08-09 15:33:18,258 [INFO] 127.0.0.1 - - [09/Aug/2026 15:33:18] "GET / HTTP/1.1" 200 -
2026-08-09 15:33:18,314 [INFO] 127.0.0.1 - - [09/Aug/2026 15:33:18] "[36mGET /static/css/style.css HTTP/1.1[0m" 304 -
2026-08-09 15:33:18,352 [INFO] 127.0.0.1 - - [09/Aug/2026 15:33:18] "GET /static/uploads/Manoj_Profile.jpeg HTTP/1.1" 200 -
2026-08-09 15:33:18,375 [INFO] 127.0.0.1 - - [09/Aug/2026 15:33:18] "[36mGET /static/uploads/00f6e467cf19cf95_20260809.png HTTP/1.1[0m" 304 -
2026-08-09 15:33:18,377 [INFO] 127.0.0.1 - - [09/Aug/2026 15:33:18] "[36mGET /static/uploads/f1a30021c45398c9_20260809.png HTTP/1.1[0m" 304 -
2026-08-09 15:33:18,378 [INFO] 127.0.0.1 - - [09/Aug/2026 15:33:18] "[36mGET /static/js/main.js HTTP/1.1[0m" 304 -
2026-08-09 15:33:18,379 [INFO] 127.0.0.1 - - [09/Aug/2026 15:33:18] "[36mGET /static/uploads/50f38a42093157c8_20260809.png HTTP/1.1[0m" 304 -
2026-08-09 15:33:18,380 [INFO] 127.0.0.1 - - [09/Aug/2026 15:33:18] "[36mGET /static/uploads/6ff37e05066f5cee_20260809.png HTTP/1.1[0m" 304 -
2026-08-09 15:33:18,382 [INFO] 127.0.0.1 - - [09/Aug/2026 15:33:18] "[36mGET /static/uploads/16ede969e9777af1_20260809.png HTTP/1.1[0m" 304 -
2026-08-09 15:33:18,403 [INFO] 127.0.0.1 - - [09/Aug/2026 15:33:18] "[36mGET /static/uploads/604cca848fd5f441_20260809.png HTTP/1.1[0m" 304 -
2026-08-09 15:33:18,403 [INFO] 127.0.0.1 - - [09/Aug/2026 15:33:18] "[36mGET /static/uploads/dc3f5b6fe00aed5b_20260809.png HTTP/1.1[0m" 304 -
2026-08-09 15:33:18,406 [INFO] 127.0.0.1 - - [09/Aug/2026 15:33:18] "[36mGET /static/uploads/7de0d986c85a80a5_20260809.png HTTP/1.1[0m" 304 -
2026-08-09 15:33:18,413 [INFO] 127.0.0.1 - - [09/Aug/2026 15:33:18] "[36mGET /static/uploads/db05565a2cd5aec8_20260809.png HTTP/1.1[0m" 304 -
2026-08-09 15:33:18,420 [INFO] 127.0.0.1 - - [09/Aug/2026 15:33:18] "[36mGET /static/uploads/c677ac16a92a7ab6_20260809.png HTTP/1.1[0m" 304 -
2026-08-09 15:33:18,428 [INFO] 127.0.0.1 - - [09/Aug/2026 15:33:18] "[36mGET /static/uploads/5889b4f3b6426b72_20260809.png HTTP/1.1[0m" 304 -
2026-08-09 15:33:18,436 [INFO] 127.0.0.1 - - [09/Aug/2026 15:33:18] "[36mGET /static/uploads/6fa75660d7c6ba99_20260809.png HTTP/1.1[0m" 304 -
2026-08-09 15:33:18,441 [INFO] 127.0.0.1 - - [09/Aug/2026 15:33:18] "[36mGET /static/uploads/2667e8e9ff243507_20260809.png HTTP/1.1[0m" 304 -
2026-08-09 15:33:18,447 [INFO] 127.0.0.1 - - [09/Aug/2026 15:33:18] "[36mGET /static/uploads/eb68604ff191a0c4_20260809.png HTTP/1.1[0m" 304 -
2026-08-09 15:33:18,453 [INFO] 127.0.0.1 - - [09/Aug/2026 15:33:18] "[36mGET /static/uploads/76cc2ce314903c76_20260809.png HTTP/1.1[0m" 304 -
2026-08-09 15:33:18,455 [INFO] 127.0.0.1 - - [09/Aug/2026 15:33:18] "[36mGET /static/uploads/b170cee5fbd41e69_20260809.png HTTP/1.1[0m" 304 -
2026-08-09 15:34:09,511 [WARNING] SECRET_KEY not set in environment. Auto-generated for local testing. In production, set a strong SECRET_KEY env var!
2026-08-09 15:34:10,844 [INFO] [31m[1mWARNING: This is a development server. Do not use it in a production deployment. Use a production WSGI server instead.[0m
 * Running on all addresses (0.0.0.0)
 * Running on http://127.0.0.1:5000
 * Running on http://10.242.62.42:5000
2026-08-09 15:34:10,845 [INFO] [33mPress CTRL+C to quit[0m
2026-08-09 15:34:12,436 [INFO] 127.0.0.1 - - [09/Aug/2026 15:34:12] "GET / HTTP/1.1" 200 -
2026-08-09 15:34:12,969 [INFO] 127.0.0.1 - - [09/Aug/2026 15:34:12] "[36mGET /static/uploads/00f6e467cf19cf95_20260809.png HTTP/1.1[0m" 304 -
2026-08-09 15:34:12,978 [INFO] 127.0.0.1 - - [09/Aug/2026 15:34:12] "[36mGET /static/js/main.js HTTP/1.1[0m" 304 -
2026-08-09 15:34:12,989 [INFO] 127.0.0.1 - - [09/Aug/2026 15:34:12] "[36mGET /static/uploads/16ede969e9777af1_20260809.png HTTP/1.1[0m" 304 -
2026-08-09 15:34:12,997 [INFO] 127.0.0.1 - - [09/Aug/2026 15:34:12] "[36mGET /static/uploads/604cca848fd5f441_20260809.png HTTP/1.1[0m" 304 -
2026-08-09 15:34:13,001 [INFO] 127.0.0.1 - - [09/Aug/2026 15:34:13] "[36mGET /static/uploads/6ff37e05066f5cee_20260809.png HTTP/1.1[0m" 304 -
2026-08-09 15:34:13,003 [INFO] 127.0.0.1 - - [09/Aug/2026 15:34:13] "[36mGET /static/css/style.css HTTP/1.1[0m" 304 -
2026-08-09 15:34:13,012 [INFO] 127.0.0.1 - - [09/Aug/2026 15:34:13] "[36mGET /static/uploads/f1a30021c45398c9_20260809.png HTTP/1.1[0m" 304 -
2026-08-09 15:34:13,018 [INFO] 127.0.0.1 - - [09/Aug/2026 15:34:13] "[36mGET /static/uploads/dc3f5b6fe00aed5b_20260809.png HTTP/1.1[0m" 304 -
2026-08-09 15:34:13,019 [INFO] 127.0.0.1 - - [09/Aug/2026 15:34:13] "[36mGET /static/uploads/50f38a42093157c8_20260809.png HTTP/1.1[0m" 304 -
2026-08-09 15:34:13,022 [INFO] 127.0.0.1 - - [09/Aug/2026 15:34:13] "[36mGET /static/uploads/7de0d986c85a80a5_20260809.png HTTP/1.1[0m" 304 -
2026-08-09 15:34:13,025 [INFO] 127.0.0.1 - - [09/Aug/2026 15:34:13] "[36mGET /static/uploads/Manoj_Profile.jpeg HTTP/1.1[0m" 304 -
2026-08-09 15:34:13,028 [INFO] 127.0.0.1 - - [09/Aug/2026 15:34:13] "[36mGET /static/uploads/db05565a2cd5aec8_20260809.png HTTP/1.1[0m" 304 -
2026-08-09 15:34:13,035 [INFO] 127.0.0.1 - - [09/Aug/2026 15:34:13] "[36mGET /static/uploads/c677ac16a92a7ab6_20260809.png HTTP/1.1[0m" 304 -
2026-08-09 15:34:13,046 [INFO] 127.0.0.1 - - [09/Aug/2026 15:34:13] "[36mGET /static/uploads/5889b4f3b6426b72_20260809.png HTTP/1.1[0m" 304 -
2026-08-09 15:34:13,051 [INFO] 127.0.0.1 - - [09/Aug/2026 15:34:13] "[36mGET /static/uploads/6fa75660d7c6ba99_20260809.png HTTP/1.1[0m" 304 -
2026-08-09 15:34:13,058 [INFO] 127.0.0.1 - - [09/Aug/2026 15:34:13] "[36mGET /static/uploads/2667e8e9ff243507_20260809.png HTTP/1.1[0m" 304 -
2026-08-09 15:34:13,068 [INFO] 127.0.0.1 - - [09/Aug/2026 15:34:13] "[36mGET /static/uploads/eb68604ff191a0c4_20260809.png HTTP/1.1[0m" 304 -
2026-08-09 15:34:13,075 [INFO] 127.0.0.1 - - [09/Aug/2026 15:34:13] "[36mGET /static/uploads/76cc2ce314903c76_20260809.png HTTP/1.1[0m" 304 -
2026-08-09 15:34:13,078 [INFO] 127.0.0.1 - - [09/Aug/2026 15:34:13] "[36mGET /static/uploads/b170cee5fbd41e69_20260809.png HTTP/1.1[0m" 304 -
2026-08-09 15:34:14,943 [INFO] 127.0.0.1 - - [09/Aug/2026 15:34:14] "[33mGET /uploads/Manoj_Resume.pdf HTTP/1.1[0m" 404 -
2026-08-09 15:37:26,041 [WARNING] SECRET_KEY not set in environment. Auto-generated for local testing. In production, set a strong SECRET_KEY env var!
2026-08-09 15:37:27,402 [INFO] [31m[1mWARNING: This is a development server. Do not use it in a production deployment. Use a production WSGI server instead.[0m
 * Running on all addresses (0.0.0.0)
 * Running on http://127.0.0.1:5000
 * Running on http://10.242.62.42:5000
2026-08-09 15:37:27,410 [INFO] [33mPress CTRL+C to quit[0m
2026-08-09 15:37:29,974 [INFO] 127.0.0.1 - - [09/Aug/2026 15:37:29] "GET / HTTP/1.1" 200 -
2026-08-09 15:37:30,522 [INFO] 127.0.0.1 - - [09/Aug/2026 15:37:30] "[36mGET /static/uploads/Manoj_Profile.jpeg HTTP/1.1[0m" 304 -
2026-08-09 15:37:30,526 [INFO] 127.0.0.1 - - [09/Aug/2026 15:37:30] "[36mGET /static/css/style.css HTTP/1.1[0m" 304 -
2026-08-09 15:37:30,532 [INFO] 127.0.0.1 - - [09/Aug/2026 15:37:30] "[36mGET /static/js/main.js HTTP/1.1[0m" 304 -
2026-08-09 15:37:30,540 [INFO] 127.0.0.1 - - [09/Aug/2026 15:37:30] "[36mGET /static/uploads/16ede969e9777af1_20260809.png HTTP/1.1[0m" 304 -
2026-08-09 15:37:30,542 [INFO] 127.0.0.1 - - [09/Aug/2026 15:37:30] "[36mGET /static/uploads/6ff37e05066f5cee_20260809.png HTTP/1.1[0m" 304 -
2026-08-09 15:37:30,548 [INFO] 127.0.0.1 - - [09/Aug/2026 15:37:30] "[36mGET /static/uploads/604cca848fd5f441_20260809.png HTTP/1.1[0m" 304 -
2026-08-09 15:37:30,561 [INFO] 127.0.0.1 - - [09/Aug/2026 15:37:30] "[36mGET /static/uploads/00f6e467cf19cf95_20260809.png HTTP/1.1[0m" 304 -
2026-08-09 15:37:30,563 [INFO] 127.0.0.1 - - [09/Aug/2026 15:37:30] "[36mGET /static/uploads/dc3f5b6fe00aed5b_20260809.png HTTP/1.1[0m" 304 -
2026-08-09 15:37:30,564 [INFO] 127.0.0.1 - - [09/Aug/2026 15:37:30] "[36mGET /static/uploads/f1a30021c45398c9_20260809.png HTTP/1.1[0m" 304 -
2026-08-09 15:37:30,565 [INFO] 127.0.0.1 - - [09/Aug/2026 15:37:30] "[36mGET /static/uploads/7de0d986c85a80a5_20260809.png HTTP/1.1[0m" 304 -
2026-08-09 15:37:30,566 [INFO] 127.0.0.1 - - [09/Aug/2026 15:37:30] "[36mGET /static/uploads/50f38a42093157c8_20260809.png HTTP/1.1[0m" 304 -
2026-08-09 15:37:30,598 [INFO] 127.0.0.1 - - [09/Aug/2026 15:37:30] "[36mGET /static/uploads/db05565a2cd5aec8_20260809.png HTTP/1.1[0m" 304 -
2026-08-09 15:37:30,601 [INFO] 127.0.0.1 - - [09/Aug/2026 15:37:30] "[36mGET /static/uploads/c677ac16a92a7ab6_20260809.png HTTP/1.1[0m" 304 -
2026-08-09 15:37:30,605 [INFO] 127.0.0.1 - - [09/Aug/2026 15:37:30] "[36mGET /static/uploads/5889b4f3b6426b72_20260809.png HTTP/1.1[0m" 304 -
2026-08-09 15:37:30,610 [INFO] 127.0.0.1 - - [09/Aug/2026 15:37:30] "[36mGET /static/uploads/6fa75660d7c6ba99_20260809.png HTTP/1.1[0m" 304 -
2026-08-09 15:37:30,615 [INFO] 127.0.0.1 - - [09/Aug/2026 15:37:30] "[36mGET /static/uploads/2667e8e9ff243507_20260809.png HTTP/1.1[0m" 304 -
2026-08-09 15:37:30,627 [INFO] 127.0.0.1 - - [09/Aug/2026 15:37:30] "[36mGET /static/uploads/eb68604ff191a0c4_20260809.png HTTP/1.1[0m" 304 -
2026-08-09 15:37:30,630 [INFO] 127.0.0.1 - - [09/Aug/2026 15:37:30] "[36mGET /static/uploads/76cc2ce314903c76_20260809.png HTTP/1.1[0m" 304 -
2026-08-09 15:37:30,632 [INFO] 127.0.0.1 - - [09/Aug/2026 15:37:30] "[36mGET /static/uploads/b170cee5fbd41e69_20260809.png HTTP/1.1[0m" 304 -
2026-08-09 15:37:32,646 [INFO] 127.0.0.1 - - [09/Aug/2026 15:37:32] "GET /static/uploads/Manoj_Resume.pdf HTTP/1.1" 200 -
2026-08-09 15:38:26,528 [INFO] 127.0.0.1 - - [09/Aug/2026 15:38:26] "GET /static/uploads/8575e2e8d2f18ad5_20260809.png HTTP/1.1" 200 -
2026-08-09 15:38:26,530 [INFO] 127.0.0.1 - - [09/Aug/2026 15:38:26] "GET /static/uploads/7db5ede6818ab167_20260809.png HTTP/1.1" 200 -
2026-08-09 15:38:26,531 [INFO] 127.0.0.1 - - [09/Aug/2026 15:38:26] "GET /static/uploads/d162029c3955a864_20260809.png HTTP/1.1" 200 -
2026-08-09 15:38:29,530 [INFO] 127.0.0.1 - - [09/Aug/2026 15:38:29] "GET /static/uploads/2fc8983835a6680a_20260809.png HTTP/1.1" 200 -
2026-08-09 15:38:29,530 [INFO] 127.0.0.1 - - [09/Aug/2026 15:38:29] "GET /static/uploads/12ebbb75ce50b886_20260809.png HTTP/1.1" 200 -
2026-08-09 15:38:29,531 [INFO] 127.0.0.1 - - [09/Aug/2026 15:38:29] "GET /static/uploads/d714f47fd3575dd0_20260809.png HTTP/1.1" 200 -
2026-08-09 15:38:29,999 [INFO] 127.0.0.1 - - [09/Aug/2026 15:38:29] "GET /static/uploads/1f1f1a223c74b36b_20260809.png HTTP/1.1" 200 -
2026-08-09 15:38:30,001 [INFO] 127.0.0.1 - - [09/Aug/2026 15:38:30] "GET /static/uploads/cc418aec70d76c00_20260809.png HTTP/1.1" 200 -
2026-08-09 15:38:30,001 [INFO] 127.0.0.1 - - [09/Aug/2026 15:38:30] "GET /static/uploads/f2f52b59385aef46_20260809.png HTTP/1.1" 200 -
2026-08-09 15:38:30,528 [INFO] 127.0.0.1 - - [09/Aug/2026 15:38:30] "GET /static/uploads/19b43d9302537130_20260809.png HTTP/1.1" 200 -
2026-08-09 15:38:30,530 [INFO] 127.0.0.1 - - [09/Aug/2026 15:38:30] "GET /static/uploads/1bafb088ed2dfba8_20260809.png HTTP/1.1" 200 -
2026-08-09 15:38:55,224 [INFO] 127.0.0.1 - - [09/Aug/2026 15:38:55] "GET /contact HTTP/1.1" 200 -
2026-08-09 15:38:55,270 [INFO] 127.0.0.1 - - [09/Aug/2026 15:38:55] "[36mGET /static/css/style.css HTTP/1.1[0m" 304 -
2026-08-09 15:38:55,276 [INFO] 127.0.0.1 - - [09/Aug/2026 15:38:55] "[36mGET /static/uploads/Manoj_Profile.jpeg HTTP/1.1[0m" 304 -
2026-08-09 15:38:55,293 [INFO] 127.0.0.1 - - [09/Aug/2026 15:38:55] "[36mGET /static/js/main.js HTTP/1.1[0m" 304 -
2026-08-09 15:39:06,612 [INFO] 127.0.0.1 - - [09/Aug/2026 15:39:06] "GET / HTTP/1.1" 200 -
2026-08-09 15:39:06,650 [INFO] 127.0.0.1 - - [09/Aug/2026 15:39:06] "[36mGET /static/css/style.css HTTP/1.1[0m" 304 -
2026-08-09 15:39:06,654 [INFO] 127.0.0.1 - - [09/Aug/2026 15:39:06] "[36mGET /static/uploads/Manoj_Profile.jpeg HTTP/1.1[0m" 304 -
2026-08-09 15:39:06,659 [INFO] 127.0.0.1 - - [09/Aug/2026 15:39:06] "[36mGET /static/uploads/00f6e467cf19cf95_20260809.png HTTP/1.1[0m" 304 -
2026-08-09 15:39:06,665 [INFO] 127.0.0.1 - - [09/Aug/2026 15:39:06] "[36mGET /static/uploads/f1a30021c45398c9_20260809.png HTTP/1.1[0m" 304 -
2026-08-09 15:39:06,673 [INFO] 127.0.0.1 - - [09/Aug/2026 15:39:06] "[36mGET /static/uploads/50f38a42093157c8_20260809.png HTTP/1.1[0m" 304 -
2026-08-09 15:39:06,674 [INFO] 127.0.0.1 - - [09/Aug/2026 15:39:06] "[36mGET /static/uploads/6ff37e05066f5cee_20260809.png HTTP/1.1[0m" 304 -
2026-08-09 15:39:06,682 [INFO] 127.0.0.1 - - [09/Aug/2026 15:39:06] "[36mGET /static/uploads/16ede969e9777af1_20260809.png HTTP/1.1[0m" 304 -
2026-08-09 15:39:06,687 [INFO] 127.0.0.1 - - [09/Aug/2026 15:39:06] "[36mGET /static/uploads/604cca848fd5f441_20260809.png HTTP/1.1[0m" 304 -
2026-08-09 15:39:06,692 [INFO] 127.0.0.1 - - [09/Aug/2026 15:39:06] "[36mGET /static/js/main.js HTTP/1.1[0m" 304 -
2026-08-09 15:39:06,696 [INFO] 127.0.0.1 - - [09/Aug/2026 15:39:06] "[36mGET /static/uploads/dc3f5b6fe00aed5b_20260809.png HTTP/1.1[0m" 304 -
2026-08-09 15:39:06,700 [INFO] 127.0.0.1 - - [09/Aug/2026 15:39:06] "[36mGET /static/uploads/7de0d986c85a80a5_20260809.png HTTP/1.1[0m" 304 -
2026-08-09 15:39:06,708 [INFO] 127.0.0.1 - - [09/Aug/2026 15:39:06] "[36mGET /static/uploads/db05565a2cd5aec8_20260809.png HTTP/1.1[0m" 304 -
2026-08-09 15:39:06,712 [INFO] 127.0.0.1 - - [09/Aug/2026 15:39:06] "[36mGET /static/uploads/c677ac16a92a7ab6_20260809.png HTTP/1.1[0m" 304 -
2026-08-09 15:39:06,714 [INFO] 127.0.0.1 - - [09/Aug/2026 15:39:06] "[36mGET /static/uploads/5889b4f3b6426b72_20260809.png HTTP/1.1[0m" 304 -
2026-08-09 15:39:06,719 [INFO] 127.0.0.1 - - [09/Aug/2026 15:39:06] "[36mGET /static/uploads/6fa75660d7c6ba99_20260809.png HTTP/1.1[0m" 304 -
2026-08-09 15:39:06,733 [INFO] 127.0.0.1 - - [09/Aug/2026 15:39:06] "[36mGET /static/uploads/2667e8e9ff243507_20260809.png HTTP/1.1[0m" 304 -
2026-08-09 15:39:06,734 [INFO] 127.0.0.1 - - [09/Aug/2026 15:39:06] "[36mGET /static/uploads/eb68604ff191a0c4_20260809.png HTTP/1.1[0m" 304 -
2026-08-09 15:39:06,739 [INFO] 127.0.0.1 - - [09/Aug/2026 15:39:06] "[36mGET /static/uploads/76cc2ce314903c76_20260809.png HTTP/1.1[0m" 304 -
2026-08-09 15:39:06,743 [INFO] 127.0.0.1 - - [09/Aug/2026 15:39:06] "[36mGET /static/uploads/b170cee5fbd41e69_20260809.png HTTP/1.1[0m" 304 -
2026-08-09 15:39:06,749 [INFO] 127.0.0.1 - - [09/Aug/2026 15:39:06] "[36mGET /static/uploads/8575e2e8d2f18ad5_20260809.png HTTP/1.1[0m" 304 -
2026-08-09 15:39:06,760 [INFO] 127.0.0.1 - - [09/Aug/2026 15:39:06] "[36mGET /static/uploads/7db5ede6818ab167_20260809.png HTTP/1.1[0m" 304 -
2026-08-09 15:39:06,763 [INFO] 127.0.0.1 - - [09/Aug/2026 15:39:06] "[36mGET /static/uploads/d162029c3955a864_20260809.png HTTP/1.1[0m" 304 -
2026-08-09 15:39:06,768 [INFO] 127.0.0.1 - - [09/Aug/2026 15:39:06] "[36mGET /static/uploads/12ebbb75ce50b886_20260809.png HTTP/1.1[0m" 304 -
2026-08-09 15:39:06,780 [INFO] 127.0.0.1 - - [09/Aug/2026 15:39:06] "[36mGET /static/uploads/2fc8983835a6680a_20260809.png HTTP/1.1[0m" 304 -
2026-08-09 15:39:06,785 [INFO] 127.0.0.1 - - [09/Aug/2026 15:39:06] "[36mGET /static/uploads/d714f47fd3575dd0_20260809.png HTTP/1.1[0m" 304 -
2026-08-09 15:39:06,791 [INFO] 127.0.0.1 - - [09/Aug/2026 15:39:06] "[36mGET /static/uploads/cc418aec70d76c00_20260809.png HTTP/1.1[0m" 304 -
2026-08-09 15:39:06,796 [INFO] 127.0.0.1 - - [09/Aug/2026 15:39:06] "[36mGET /static/uploads/1f1f1a223c74b36b_20260809.png HTTP/1.1[0m" 304 -
2026-08-09 15:39:06,798 [INFO] 127.0.0.1 - - [09/Aug/2026 15:39:06] "[36mGET /static/uploads/f2f52b59385aef46_20260809.png HTTP/1.1[0m" 304 -
2026-08-09 15:39:06,807 [INFO] 127.0.0.1 - - [09/Aug/2026 15:39:06] "[36mGET /static/uploads/19b43d9302537130_20260809.png HTTP/1.1[0m" 304 -
2026-08-09 15:39:06,810 [INFO] 127.0.0.1 - - [09/Aug/2026 15:39:06] "[36mGET /static/uploads/1bafb088ed2dfba8_20260809.png HTTP/1.1[0m" 304 -
2026-08-10 16:58:57,553 [WARNING] SECRET_KEY not set in environment. Auto-generated for local testing. In production, set a strong SECRET_KEY env var!
2026-08-10 16:58:59,066 [INFO] [31m[1mWARNING: This is a development server. Do not use it in a production deployment. Use a production WSGI server instead.[0m
 * Running on all addresses (0.0.0.0)
 * Running on http://127.0.0.1:5000
 * Running on http://10.242.62.42:5000
2026-08-10 16:58:59,066 [INFO] [33mPress CTRL+C to quit[0m
2026-08-10 16:59:11,298 [INFO] 127.0.0.1 - - [10/Aug/2026 16:59:11] "GET / HTTP/1.1" 200 -
2026-08-10 16:59:11,565 [INFO] 127.0.0.1 - - [10/Aug/2026 16:59:11] "GET /static/css/style.css HTTP/1.1" 200 -
2026-08-10 16:59:11,570 [INFO] 127.0.0.1 - - [10/Aug/2026 16:59:11] "GET /static/uploads/Manoj_Profile.jpeg HTTP/1.1" 200 -
2026-08-10 16:59:11,571 [INFO] 127.0.0.1 - - [10/Aug/2026 16:59:11] "GET /static/uploads/Manoj%20M.png HTTP/1.1" 200 -
2026-08-10 16:59:11,599 [INFO] 127.0.0.1 - - [10/Aug/2026 16:59:11] "GET /static/js/main.js HTTP/1.1" 200 -
2026-08-10 16:59:11,730 [INFO] 127.0.0.1 - - [10/Aug/2026 16:59:11] "GET /static/uploads/f1a30021c45398c9_20260809.png HTTP/1.1" 200 -
2026-08-10 16:59:11,731 [INFO] 127.0.0.1 - - [10/Aug/2026 16:59:11] "GET /static/uploads/6ff37e05066f5cee_20260809.png HTTP/1.1" 200 -
2026-08-10 16:59:11,731 [INFO] 127.0.0.1 - - [10/Aug/2026 16:59:11] "GET /static/uploads/00f6e467cf19cf95_20260809.png HTTP/1.1" 200 -
2026-08-10 16:59:11,732 [INFO] 127.0.0.1 - - [10/Aug/2026 16:59:11] "GET /static/uploads/50f38a42093157c8_20260809.png HTTP/1.1" 200 -
2026-08-10 16:59:12,582 [INFO] 127.0.0.1 - - [10/Aug/2026 16:59:12] "[33mGET /favicon.ico HTTP/1.1[0m" 404 -
2026-08-10 16:59:50,641 [INFO] 127.0.0.1 - - [10/Aug/2026 16:59:50] "GET / HTTP/1.1" 200 -
2026-08-10 16:59:50,672 [INFO] 127.0.0.1 - - [10/Aug/2026 16:59:50] "[36mGET /static/css/style.css HTTP/1.1[0m" 304 -
2026-08-10 16:59:50,673 [INFO] 127.0.0.1 - - [10/Aug/2026 16:59:50] "[36mGET /static/uploads/Manoj_Profile.jpeg HTTP/1.1[0m" 304 -
2026-08-10 16:59:50,680 [INFO] 127.0.0.1 - - [10/Aug/2026 16:59:50] "[36mGET /static/uploads/Manoj%20M.png HTTP/1.1[0m" 304 -
2026-08-10 16:59:50,681 [INFO] 127.0.0.1 - - [10/Aug/2026 16:59:50] "[36mGET /static/uploads/00f6e467cf19cf95_20260809.png HTTP/1.1[0m" 304 -
2026-08-10 16:59:50,683 [INFO] 127.0.0.1 - - [10/Aug/2026 16:59:50] "[36mGET /static/uploads/f1a30021c45398c9_20260809.png HTTP/1.1[0m" 304 -
2026-08-10 16:59:50,691 [INFO] 127.0.0.1 - - [10/Aug/2026 16:59:50] "[36mGET /static/uploads/6ff37e05066f5cee_20260809.png HTTP/1.1[0m" 304 -
2026-08-10 16:59:50,697 [INFO] 127.0.0.1 - - [10/Aug/2026 16:59:50] "[36mGET /static/js/main.js HTTP/1.1[0m" 304 -
2026-08-10 16:59:50,699 [INFO] 127.0.0.1 - - [10/Aug/2026 16:59:50] "[36mGET /static/uploads/50f38a42093157c8_20260809.png HTTP/1.1[0m" 304 -
2026-08-10 17:00:02,802 [WARNING] SECRET_KEY not set in environment. Auto-generated for local testing. In production, set a strong SECRET_KEY env var!
2026-08-10 17:00:04,159 [INFO] [31m[1mWARNING: This is a development server. Do not use it in a production deployment. Use a production WSGI server instead.[0m
 * Running on all addresses (0.0.0.0)
 * Running on http://127.0.0.1:5000
 * Running on http://10.242.62.42:5000
2026-08-10 17:00:04,159 [INFO] [33mPress CTRL+C to quit[0m
2026-08-10 17:00:05,411 [INFO] 127.0.0.1 - - [10/Aug/2026 17:00:05] "GET / HTTP/1.1" 200 -
2026-08-10 17:00:05,730 [INFO] 127.0.0.1 - - [10/Aug/2026 17:00:05] "[36mGET /static/uploads/00f6e467cf19cf95_20260809.png HTTP/1.1[0m" 304 -
2026-08-10 17:00:05,732 [INFO] 127.0.0.1 - - [10/Aug/2026 17:00:05] "[36mGET /static/uploads/f1a30021c45398c9_20260809.png HTTP/1.1[0m" 304 -
2026-08-10 17:00:05,736 [INFO] 127.0.0.1 - - [10/Aug/2026 17:00:05] "[36mGET /static/uploads/Manoj%20M.png HTTP/1.1[0m" 304 -
2026-08-10 17:00:05,739 [INFO] 127.0.0.1 - - [10/Aug/2026 17:00:05] "[36mGET /static/uploads/50f38a42093157c8_20260809.png HTTP/1.1[0m" 304 -
2026-08-10 17:00:05,743 [INFO] 127.0.0.1 - - [10/Aug/2026 17:00:05] "[36mGET /static/css/style.css HTTP/1.1[0m" 304 -
2026-08-10 17:00:05,748 [INFO] 127.0.0.1 - - [10/Aug/2026 17:00:05] "[36mGET /static/uploads/6ff37e05066f5cee_20260809.png HTTP/1.1[0m" 304 -
2026-08-10 17:00:05,750 [INFO] 127.0.0.1 - - [10/Aug/2026 17:00:05] "[36mGET /static/js/main.js HTTP/1.1[0m" 304 -
2026-08-10 17:00:05,810 [INFO] 127.0.0.1 - - [10/Aug/2026 17:00:05] "GET /static/uploads/dc3f5b6fe00aed5b_20260809.png HTTP/1.1" 200 -
2026-08-10 17:00:05,811 [INFO] 127.0.0.1 - - [10/Aug/2026 17:00:05] "GET /static/uploads/604cca848fd5f441_20260809.png HTTP/1.1" 200 -
2026-08-10 17:00:05,811 [INFO] 127.0.0.1 - - [10/Aug/2026 17:00:05] "GET /static/uploads/16ede969e9777af1_20260809.png HTTP/1.1" 200 -
2026-08-10 17:00:05,812 [INFO] 127.0.0.1 - - [10/Aug/2026 17:00:05] "GET /static/uploads/7de0d986c85a80a5_20260809.png HTTP/1.1" 200 -
2026-08-10 17:00:05,836 [INFO] 127.0.0.1 - - [10/Aug/2026 17:00:05] "GET /static/uploads/db05565a2cd5aec8_20260809.png HTTP/1.1" 200 -
2026-08-10 17:00:05,836 [INFO] 127.0.0.1 - - [10/Aug/2026 17:00:05] "GET /static/uploads/c677ac16a92a7ab6_20260809.png HTTP/1.1" 200 -
2026-08-10 17:00:05,861 [INFO] 127.0.0.1 - - [10/Aug/2026 17:00:05] "GET /static/uploads/5889b4f3b6426b72_20260809.png HTTP/1.1" 200 -
2026-08-10 17:00:05,867 [INFO] 127.0.0.1 - - [10/Aug/2026 17:00:05] "GET /static/uploads/6fa75660d7c6ba99_20260809.png HTTP/1.1" 200 -
2026-08-10 17:00:05,870 [INFO] 127.0.0.1 - - [10/Aug/2026 17:00:05] "GET /static/uploads/2667e8e9ff243507_20260809.png HTTP/1.1" 200 -
2026-08-10 17:00:40,368 [INFO] 127.0.0.1 - - [10/Aug/2026 17:00:40] "GET /static/uploads/eb68604ff191a0c4_20260809.png HTTP/1.1" 200 -
2026-08-10 17:00:40,370 [INFO] 127.0.0.1 - - [10/Aug/2026 17:00:40] "GET /static/uploads/76cc2ce314903c76_20260809.png HTTP/1.1" 200 -
2026-08-10 17:00:40,376 [INFO] 127.0.0.1 - - [10/Aug/2026 17:00:40] "GET /static/uploads/7db5ede6818ab167_20260809.png HTTP/1.1" 200 -
2026-08-10 17:00:40,380 [INFO] 127.0.0.1 - - [10/Aug/2026 17:00:40] "GET /static/uploads/b170cee5fbd41e69_20260809.png HTTP/1.1" 200 -
2026-08-10 17:00:40,380 [INFO] 127.0.0.1 - - [10/Aug/2026 17:00:40] "GET /static/uploads/8575e2e8d2f18ad5_20260809.png HTTP/1.1" 200 -
2026-08-10 17:00:40,382 [INFO] 127.0.0.1 - - [10/Aug/2026 17:00:40] "GET /static/uploads/d162029c3955a864_20260809.png HTTP/1.1" 200 -
2026-08-10 17:00:40,712 [INFO] 127.0.0.1 - - [10/Aug/2026 17:00:40] "GET /static/uploads/12ebbb75ce50b886_20260809.png HTTP/1.1" 200 -
2026-08-10 17:00:40,713 [INFO] 127.0.0.1 - - [10/Aug/2026 17:00:40] "GET /static/uploads/2fc8983835a6680a_20260809.png HTTP/1.1" 200 -
2026-08-10 17:00:40,762 [INFO] 127.0.0.1 - - [10/Aug/2026 17:00:40] "GET /static/uploads/d714f47fd3575dd0_20260809.png HTTP/1.1" 200 -
2026-08-10 17:00:40,871 [INFO] 127.0.0.1 - - [10/Aug/2026 17:00:40] "GET /static/uploads/cc418aec70d76c00_20260809.png HTTP/1.1" 200 -
2026-08-10 17:00:40,871 [INFO] 127.0.0.1 - - [10/Aug/2026 17:00:40] "GET /static/uploads/1f1f1a223c74b36b_20260809.png HTTP/1.1" 200 -
2026-08-10 17:00:40,873 [INFO] 127.0.0.1 - - [10/Aug/2026 17:00:40] "GET /static/uploads/f2f52b59385aef46_20260809.png HTTP/1.1" 200 -
2026-08-10 17:00:41,491 [INFO] 127.0.0.1 - - [10/Aug/2026 17:00:41] "GET /static/uploads/19b43d9302537130_20260809.png HTTP/1.1" 200 -
2026-08-10 17:00:41,515 [INFO] 127.0.0.1 - - [10/Aug/2026 17:00:41] "GET /static/uploads/1bafb088ed2dfba8_20260809.png HTTP/1.1" 200 -
2026-08-10 17:00:49,071 [INFO] 127.0.0.1 - - [10/Aug/2026 17:00:49] "GET /internship HTTP/1.1" 200 -
2026-08-10 17:00:49,088 [INFO] 127.0.0.1 - - [10/Aug/2026 17:00:49] "[36mGET /static/css/style.css HTTP/1.1[0m" 304 -
2026-08-10 17:00:49,091 [INFO] 127.0.0.1 - - [10/Aug/2026 17:00:49] "[36mGET /static/uploads/Manoj%20M.png HTTP/1.1[0m" 304 -
2026-08-10 17:00:49,094 [INFO] 127.0.0.1 - - [10/Aug/2026 17:00:49] "[36mGET /static/js/main.js HTTP/1.1[0m" 304 -
2026-08-10 17:01:00,315 [INFO] 127.0.0.1 - - [10/Aug/2026 17:01:00] "GET /internship HTTP/1.1" 200 -
2026-08-10 17:01:00,344 [INFO] 127.0.0.1 - - [10/Aug/2026 17:01:00] "[36mGET /static/uploads/Manoj%20M.png HTTP/1.1[0m" 304 -
2026-08-10 17:01:00,344 [INFO] 127.0.0.1 - - [10/Aug/2026 17:01:00] "[36mGET /static/css/style.css HTTP/1.1[0m" 304 -
2026-08-10 17:01:00,346 [INFO] 127.0.0.1 - - [10/Aug/2026 17:01:00] "[36mGET /static/js/main.js HTTP/1.1[0m" 304 -
2026-08-10 17:01:02,392 [INFO] 127.0.0.1 - - [10/Aug/2026 17:01:02] "GET / HTTP/1.1" 200 -
2026-08-10 17:01:02,413 [INFO] 127.0.0.1 - - [10/Aug/2026 17:01:02] "[36mGET /static/css/style.css HTTP/1.1[0m" 304 -
2026-08-10 17:01:02,419 [INFO] 127.0.0.1 - - [10/Aug/2026 17:01:02] "[36mGET /static/uploads/Manoj%20M.png HTTP/1.1[0m" 304 -
2026-08-10 17:01:02,423 [INFO] 127.0.0.1 - - [10/Aug/2026 17:01:02] "[36mGET /static/uploads/00f6e467cf19cf95_20260809.png HTTP/1.1[0m" 304 -
2026-08-10 17:01:02,432 [INFO] 127.0.0.1 - - [10/Aug/2026 17:01:02] "[36mGET /static/uploads/f1a30021c45398c9_20260809.png HTTP/1.1[0m" 304 -
2026-08-10 17:01:02,442 [INFO] 127.0.0.1 - - [10/Aug/2026 17:01:02] "[36mGET /static/uploads/6ff37e05066f5cee_20260809.png HTTP/1.1[0m" 304 -
2026-08-10 17:01:02,453 [INFO] 127.0.0.1 - - [10/Aug/2026 17:01:02] "[36mGET /static/uploads/50f38a42093157c8_20260809.png HTTP/1.1[0m" 304 -
2026-08-10 17:01:02,456 [INFO] 127.0.0.1 - - [10/Aug/2026 17:01:02] "[36mGET /static/uploads/16ede969e9777af1_20260809.png HTTP/1.1[0m" 304 -
2026-08-10 17:01:02,459 [INFO] 127.0.0.1 - - [10/Aug/2026 17:01:02] "[36mGET /static/js/main.js HTTP/1.1[0m" 304 -
2026-08-10 17:01:02,463 [INFO] 127.0.0.1 - - [10/Aug/2026 17:01:02] "[36mGET /static/uploads/604cca848fd5f441_20260809.png HTTP/1.1[0m" 304 -
2026-08-10 17:01:02,472 [INFO] 127.0.0.1 - - [10/Aug/2026 17:01:02] "[36mGET /static/uploads/dc3f5b6fe00aed5b_20260809.png HTTP/1.1[0m" 304 -
2026-08-10 17:01:02,475 [INFO] 127.0.0.1 - - [10/Aug/2026 17:01:02] "[36mGET /static/uploads/7de0d986c85a80a5_20260809.png HTTP/1.1[0m" 304 -
2026-08-10 17:01:02,476 [INFO] 127.0.0.1 - - [10/Aug/2026 17:01:02] "[36mGET /static/uploads/db05565a2cd5aec8_20260809.png HTTP/1.1[0m" 304 -
2026-08-10 17:01:02,476 [INFO] 127.0.0.1 - - [10/Aug/2026 17:01:02] "[36mGET /static/uploads/c677ac16a92a7ab6_20260809.png HTTP/1.1[0m" 304 -
2026-08-10 17:01:02,488 [INFO] 127.0.0.1 - - [10/Aug/2026 17:01:02] "[36mGET /static/uploads/5889b4f3b6426b72_20260809.png HTTP/1.1[0m" 304 -
2026-08-10 17:01:02,497 [INFO] 127.0.0.1 - - [10/Aug/2026 17:01:02] "[36mGET /static/uploads/2667e8e9ff243507_20260809.png HTTP/1.1[0m" 304 -
2026-08-10 17:01:02,499 [INFO] 127.0.0.1 - - [10/Aug/2026 17:01:02] "[36mGET /static/uploads/6fa75660d7c6ba99_20260809.png HTTP/1.1[0m" 304 -
2026-08-10 17:01:02,502 [INFO] 127.0.0.1 - - [10/Aug/2026 17:01:02] "[36mGET /static/uploads/eb68604ff191a0c4_20260809.png HTTP/1.1[0m" 304 -
2026-08-10 17:01:02,509 [INFO] 127.0.0.1 - - [10/Aug/2026 17:01:02] "[36mGET /static/uploads/76cc2ce314903c76_20260809.png HTTP/1.1[0m" 304 -
2026-08-10 17:01:02,514 [INFO] 127.0.0.1 - - [10/Aug/2026 17:01:02] "[36mGET /static/uploads/b170cee5fbd41e69_20260809.png HTTP/1.1[0m" 304 -
2026-08-10 17:01:02,526 [INFO] 127.0.0.1 - - [10/Aug/2026 17:01:02] "[36mGET /static/uploads/8575e2e8d2f18ad5_20260809.png HTTP/1.1[0m" 304 -
2026-08-10 17:01:02,531 [INFO] 127.0.0.1 - - [10/Aug/2026 17:01:02] "[36mGET /static/uploads/7db5ede6818ab167_20260809.png HTTP/1.1[0m" 304 -
2026-08-10 17:01:02,534 [INFO] 127.0.0.1 - - [10/Aug/2026 17:01:02] "[36mGET /static/uploads/d162029c3955a864_20260809.png HTTP/1.1[0m" 304 -
2026-08-10 17:01:02,544 [INFO] 127.0.0.1 - - [10/Aug/2026 17:01:02] "[36mGET /static/uploads/12ebbb75ce50b886_20260809.png HTTP/1.1[0m" 304 -
2026-08-10 17:01:02,548 [INFO] 127.0.0.1 - - [10/Aug/2026 17:01:02] "[36mGET /static/uploads/2fc8983835a6680a_20260809.png HTTP/1.1[0m" 304 -
2026-08-10 17:01:02,554 [INFO] 127.0.0.1 - - [10/Aug/2026 17:01:02] "[36mGET /static/uploads/d714f47fd3575dd0_20260809.png HTTP/1.1[0m" 304 -
2026-08-10 17:01:02,558 [INFO] 127.0.0.1 - - [10/Aug/2026 17:01:02] "[36mGET /static/uploads/cc418aec70d76c00_20260809.png HTTP/1.1[0m" 304 -
2026-08-10 17:01:02,564 [INFO] 127.0.0.1 - - [10/Aug/2026 17:01:02] "[36mGET /static/uploads/1f1f1a223c74b36b_20260809.png HTTP/1.1[0m" 304 -
2026-08-10 17:01:02,568 [INFO] 127.0.0.1 - - [10/Aug/2026 17:01:02] "[36mGET /static/uploads/f2f52b59385aef46_20260809.png HTTP/1.1[0m" 304 -
2026-08-10 17:01:02,569 [INFO] 127.0.0.1 - - [10/Aug/2026 17:01:02] "[36mGET /static/uploads/19b43d9302537130_20260809.png HTTP/1.1[0m" 304 -
2026-08-10 17:01:02,572 [INFO] 127.0.0.1 - - [10/Aug/2026 17:01:02] "[36mGET /static/uploads/1bafb088ed2dfba8_20260809.png HTTP/1.1[0m" 304 -
